ID,timestamp,event
O20,1715330799.0,tutorial_task
O20,1715330844.0,end_human_decision
O20,1715330850.0,end_human_ai_decision
O20,1715330852.0,feedback
O20,1715330888.0,end_human_decision
O20,1715330906.0,end_human_ai_decision
O20,1715330908.0,feedback
O20,1715330961.0,end_human_decision
O20,1715330975.0,end_human_ai_decision
O20,1715330977.0,feedback
O20,1715331013.0,end_human_decision
O20,1715331017.0,end_human_ai_decision
O20,1715331019.0,feedback
O20,1715331048.0,end_human_decision
O20,1715331051.0,end_human_ai_decision
O20,1715331053.0,feedback
O20,1715331126.0,end_human_decision
O20,1715331132.0,end_human_ai_decision
O20,1715331134.0,feedback
O20,1715331149.0,end_human_decision
O20,1715331152.0,end_human_ai_decision
O20,1715331154.0,feedback
O20,1715331197.0,end_human_decision
O20,1715331200.0,end_human_ai_decision
O20,1715331202.0,feedback
O20,1715331236.0,end_human_decision
O20,1715331245.0,end_human_ai_decision
O20,1715331247.0,feedback
O20,1715331269.0,end_human_decision
O20,1715331279.0,end_human_ai_decision
O20,1715331281.0,feedback
O20,1715331305.0,end_human_decision
O20,1715331311.0,end_human_ai_decision
O20,1715331313.0,feedback
O20,1715331338.0,end_human_decision
O20,1715331342.0,end_human_ai_decision
O20,1715331344.0,feedback
O20,1715331367.0,end_human_decision
O20,1715331371.0,end_human_ai_decision
O20,1715331373.0,feedback
O20,1715331388.0,end_human_decision
O20,1715331393.0,end_human_ai_decision
O20,1715331395.0,feedback
O20,1715331428.0,end_human_decision
O20,1715331433.0,end_human_ai_decision
O20,1715331435.0,feedback
O21,1715332170.0,tutorial_task
O21,1715332188.0,end_human_decision
O21,1715332192.0,end_human_ai_decision
O21,1715332194.0,feedback
O21,1715332211.0,end_human_decision
O21,1715332216.0,end_human_ai_decision
O21,1715332218.0,feedback
O21,1715332244.0,end_human_decision
O21,1715332252.0,end_human_ai_decision
O21,1715332254.0,feedback
O21,1715332276.0,end_human_decision
O21,1715332281.0,end_human_ai_decision
O21,1715332283.0,feedback
O21,1715332300.0,end_human_decision
O21,1715332305.0,end_human_ai_decision
O21,1715332307.0,feedback
O21,1715332329.0,end_human_decision
O21,1715332334.0,end_human_ai_decision
O21,1715332336.0,feedback
O21,1715332357.0,end_human_decision
O21,1715332370.0,end_human_ai_decision
O21,1715332372.0,feedback
O21,1715332397.0,end_human_decision
O21,1715332401.0,end_human_ai_decision
O21,1715332403.0,feedback
O21,1715332432.0,end_human_decision
O21,1715332435.0,end_human_ai_decision
O21,1715332437.0,feedback
O21,1715332461.0,end_human_decision
O21,1715332466.0,end_human_ai_decision
O21,1715332468.0,feedback
O21,1715332498.0,end_human_decision
O21,1715332503.0,end_human_ai_decision
O21,1715332505.0,feedback
O21,1715332532.0,end_human_decision
O21,1715332536.0,end_human_ai_decision
O21,1715332538.0,feedback
O21,1715332561.0,end_human_decision
O21,1715332564.0,end_human_ai_decision
O21,1715332566.0,feedback
O21,1715332589.0,end_human_decision
O21,1715332598.0,end_human_ai_decision
O21,1715332600.0,feedback
O21,1715332619.0,end_human_decision
O21,1715332622.0,end_human_ai_decision
O21,1715332624.0,feedback
O22,1715337876.0,tutorial_task
O22,1715337897.0,end_human_decision
O22,1715337911.0,end_human_ai_decision
O22,1715337913.0,feedback
O22,1715337936.0,end_human_decision
O22,1715337948.0,end_human_ai_decision
O22,1715337950.0,feedback
O22,1715337977.0,end_human_decision
O22,1715337982.0,end_human_ai_decision
O22,1715337984.0,feedback
O22,1715338014.0,end_human_decision
O22,1715338018.0,end_human_ai_decision
O22,1715338020.0,feedback
O22,1715338048.0,end_human_decision
O22,1715338052.0,end_human_ai_decision
O22,1715338054.0,feedback
O22,1715338096.0,end_human_decision
O22,1715338104.0,end_human_ai_decision
O22,1715338106.0,feedback
O22,1715338133.0,end_human_decision
O22,1715338138.0,end_human_ai_decision
O22,1715338140.0,feedback
O22,1715338170.0,end_human_decision
O22,1715338175.0,end_human_ai_decision
O22,1715338177.0,feedback
O22,1715338198.0,end_human_decision
O22,1715338202.0,end_human_ai_decision
O22,1715338204.0,feedback
O22,1715338234.0,end_human_decision
O22,1715338238.0,end_human_ai_decision
O22,1715338240.0,feedback
O22,1715338267.0,end_human_decision
O22,1715338271.0,end_human_ai_decision
O22,1715338273.0,feedback
O22,1715338293.0,end_human_decision
O22,1715338298.0,end_human_ai_decision
O22,1715338300.0,feedback
O22,1715338319.0,end_human_decision
O22,1715338323.0,end_human_ai_decision
O22,1715338325.0,feedback
O22,1715338348.0,end_human_decision
O22,1715338356.0,end_human_ai_decision
O22,1715338358.0,feedback
O22,1715338379.0,end_human_decision
O22,1715338383.0,end_human_ai_decision
O22,1715338385.0,feedback
O23,1715849648.0,tutorial_task
O23,1715849692.0,end_human_decision
O23,1715849696.0,end_human_ai_decision
O23,1715849698.0,feedback
O23,1715849744.0,end_human_decision
O23,1715849751.0,end_human_ai_decision
O23,1715849753.0,feedback
O23,1715849809.0,end_human_decision
O23,1715849817.0,end_human_ai_decision
O23,1715849819.0,feedback
O23,1715849877.0,end_human_decision
O23,1715849885.0,end_human_ai_decision
O23,1715849887.0,feedback
O23,1715849924.0,end_human_decision
O23,1715849928.0,end_human_ai_decision
O23,1715849930.0,feedback
O23,1715850016.0,end_human_decision
O23,1715850021.0,end_human_ai_decision
O23,1715850023.0,feedback
O23,1715850046.0,end_human_decision
O23,1715850051.0,end_human_ai_decision
O23,1715850053.0,feedback
O23,1715850110.0,end_human_decision
O23,1715850115.0,end_human_ai_decision
O23,1715850117.0,feedback
O23,1715850169.0,end_human_decision
O23,1715850174.0,end_human_ai_decision
O23,1715850176.0,feedback
O23,1715850227.0,end_human_decision
O23,1715850232.0,end_human_ai_decision
O23,1715850234.0,feedback
O23,1715850290.0,end_human_decision
O23,1715850295.0,end_human_ai_decision
O23,1715850297.0,feedback
O23,1715850316.0,end_human_decision
O23,1715850318.0,end_human_ai_decision
O23,1715850320.0,feedback
O23,1715850349.0,end_human_decision
O23,1715850354.0,end_human_ai_decision
O23,1715850356.0,feedback
O23,1715850392.0,end_human_decision
O23,1715850395.0,end_human_ai_decision
O23,1715850397.0,feedback
O23,1715850437.0,end_human_decision
O23,1715850443.0,end_human_ai_decision
O23,1715850445.0,feedback
O24,1715852440.0,tutorial_task
O24,1715852462.0,end_human_decision
O24,1715852467.0,end_human_ai_decision
O24,1715852469.0,feedback
O24,1715852478.0,end_human_decision
O24,1715852480.0,end_human_ai_decision
O24,1715852482.0,feedback
O24,1715852508.0,end_human_decision
O24,1715852514.0,end_human_ai_decision
O24,1715852516.0,feedback
O24,1715852545.0,end_human_decision
O24,1715852548.0,end_human_ai_decision
O24,1715852550.0,feedback
O24,1715852572.0,end_human_decision
O24,1715852575.0,end_human_ai_decision
O24,1715852577.0,feedback
O24,1715852592.0,end_human_decision
O24,1715852603.0,end_human_ai_decision
O24,1715852605.0,feedback
O24,1715852627.0,end_human_decision
O24,1715852633.0,end_human_ai_decision
O24,1715852635.0,feedback
O24,1715852650.0,end_human_decision
O24,1715852653.0,end_human_ai_decision
O24,1715852655.0,feedback
O24,1715852661.0,end_human_decision
O24,1715852667.0,end_human_ai_decision
O24,1715852669.0,feedback
O24,1715852687.0,end_human_decision
O24,1715852692.0,end_human_ai_decision
O24,1715852694.0,feedback
O24,1715852705.0,end_human_decision
O24,1715852717.0,end_human_ai_decision
O24,1715852719.0,feedback
O24,1715852730.0,end_human_decision
O24,1715852735.0,end_human_ai_decision
O24,1715852737.0,feedback
O24,1715852752.0,end_human_decision
O24,1715852757.0,end_human_ai_decision
O24,1715852759.0,feedback
O24,1715852770.0,end_human_decision
O24,1715852774.0,end_human_ai_decision
O24,1715852776.0,feedback
O24,1715852789.0,end_human_decision
O24,1715852792.0,end_human_ai_decision
O24,1715852794.0,feedback
O25,1715854815.0,tutorial_task
O25,1715854831.0,end_human_decision
O25,1715854834.0,end_human_ai_decision
O25,1715854836.0,feedback
O25,1715854862.0,end_human_decision
O25,1715854877.0,end_human_ai_decision
O25,1715854879.0,feedback
O25,1715854885.0,end_human_decision
O25,1715854903.0,end_human_ai_decision
O25,1715854905.0,feedback
O25,1715854925.0,end_human_decision
O25,1715854929.0,end_human_ai_decision
O25,1715854931.0,feedback
O25,1715855029.0,end_human_decision
O25,1715855038.0,end_human_ai_decision
O25,1715855040.0,feedback
O25,1715855063.0,end_human_decision
O25,1715855067.0,end_human_ai_decision
O25,1715855069.0,feedback
O25,1715855079.0,end_human_decision
O25,1715855082.0,end_human_ai_decision
O25,1715855084.0,feedback
O25,1715855105.0,end_human_decision
O25,1715855110.0,end_human_ai_decision
O25,1715855112.0,feedback
O25,1715855130.0,end_human_decision
O25,1715855132.0,end_human_ai_decision
O25,1715855134.0,feedback
O25,1715855152.0,end_human_decision
O25,1715855155.0,end_human_ai_decision
O25,1715855157.0,feedback
O25,1715855178.0,end_human_decision
O25,1715855188.0,end_human_ai_decision
O25,1715855190.0,feedback
O25,1715855199.0,end_human_decision
O25,1715855201.0,end_human_ai_decision
O25,1715855203.0,feedback
O25,1715855216.0,end_human_decision
O25,1715855220.0,end_human_ai_decision
O25,1715855222.0,feedback
O25,1715855236.0,end_human_decision
O25,1715855238.0,end_human_ai_decision
O25,1715855240.0,feedback
O25,1715855251.0,end_human_decision
O25,1715855254.0,end_human_ai_decision
O25,1715855256.0,feedback
O26,1716380665.0,tutorial_task
O26,1716380694.0,end_human_decision
O26,1716380698.0,end_human_ai_decision
O26,1716380700.0,feedback
O26,1716380717.0,end_human_decision
O26,1716380731.0,end_human_ai_decision
O26,1716380733.0,feedback
O26,1716380774.0,end_human_decision
O26,1716380781.0,end_human_ai_decision
O26,1716380783.0,feedback
O26,1716380809.0,end_human_decision
O26,1716380813.0,end_human_ai_decision
O26,1716380815.0,feedback
O26,1716380847.0,end_human_decision
O26,1716380850.0,end_human_ai_decision
O26,1716380852.0,feedback
O26,1716380893.0,end_human_decision
O26,1716380910.0,end_human_ai_decision
O26,1716380912.0,feedback
O26,1716380933.0,end_human_decision
O26,1716380970.0,end_human_ai_decision
O26,1716380972.0,feedback
O26,1716380987.0,end_human_decision
O26,1716380993.0,end_human_ai_decision
O26,1716380995.0,feedback
O26,1716381019.0,end_human_decision
O26,1716381025.0,end_human_ai_decision
O26,1716381027.0,feedback
O26,1716381048.0,end_human_decision
O26,1716381079.0,end_human_ai_decision
O26,1716381081.0,feedback
O26,1716381111.0,end_human_decision
O26,1716381123.0,end_human_ai_decision
O26,1716381125.0,feedback
O26,1716381136.0,end_human_decision
O26,1716381139.0,end_human_ai_decision
O26,1716381141.0,feedback
O26,1716381163.0,end_human_decision
O26,1716381167.0,end_human_ai_decision
O26,1716381169.0,feedback
O26,1716381194.0,end_human_decision
O26,1716381246.0,end_human_ai_decision
O26,1716381248.0,feedback
O26,1716381305.0,end_human_decision
O26,1716381313.0,end_human_ai_decision
O26,1716381315.0,feedback
O27,1716383487.0,tutorial_task
O27,1716383522.0,end_human_decision
O27,1716383528.0,end_human_ai_decision
O27,1716383530.0,feedback
O27,1716383576.0,end_human_decision
O27,1716383580.0,end_human_ai_decision
O27,1716383582.0,feedback
O27,1716383641.0,end_human_decision
O27,1716383647.0,end_human_ai_decision
O27,1716383649.0,feedback
O27,1716383719.0,end_human_decision
O27,1716383724.0,end_human_ai_decision
O27,1716383726.0,feedback
O27,1716383779.0,end_human_decision
O27,1716383792.0,end_human_ai_decision
O27,1716383794.0,feedback
O27,1716383835.0,end_human_decision
O27,1716383839.0,end_human_ai_decision
O27,1716383841.0,feedback
O27,1716383888.0,end_human_decision
O27,1716383894.0,end_human_ai_decision
O27,1716383896.0,feedback
O27,1716383947.0,end_human_decision
O27,1716383950.0,end_human_ai_decision
O27,1716383952.0,feedback
O27,1716383995.0,end_human_decision
O27,1716383998.0,end_human_ai_decision
O27,1716384000.0,feedback
O27,1716384052.0,end_human_decision
O27,1716384055.0,end_human_ai_decision
O27,1716384057.0,feedback
O27,1716384110.0,end_human_decision
O27,1716384112.0,end_human_ai_decision
O27,1716384114.0,feedback
O27,1716384166.0,end_human_decision
O27,1716384169.0,end_human_ai_decision
O27,1716384171.0,feedback
O27,1716384217.0,end_human_decision
O27,1716384233.0,end_human_ai_decision
O27,1716384235.0,feedback
O27,1716384274.0,end_human_decision
O27,1716384286.0,end_human_ai_decision
O27,1716384288.0,feedback
O27,1716384322.0,end_human_decision
O27,1716384325.0,end_human_ai_decision
O27,1716384327.0,feedback
O28,1716386617.0,tutorial_task
O28,1716386625.0,end_human_decision
O28,1716386630.0,end_human_ai_decision
O28,1716386632.0,feedback
O28,1716386642.0,end_human_decision
O28,1716386646.0,end_human_ai_decision
O28,1716386648.0,feedback
O28,1716386660.0,end_human_decision
O28,1716386664.0,end_human_ai_decision
O28,1716386666.0,feedback
O28,1716386676.0,end_human_decision
O28,1716386680.0,end_human_ai_decision
O28,1716386682.0,feedback
O28,1716386688.0,end_human_decision
O28,1716386693.0,end_human_ai_decision
O28,1716386695.0,feedback
O28,1716386705.0,end_human_decision
O28,1716386709.0,end_human_ai_decision
O28,1716386711.0,feedback
O28,1716386720.0,end_human_decision
O28,1716386724.0,end_human_ai_decision
O28,1716386726.0,feedback
O28,1716386733.0,end_human_decision
O28,1716386738.0,end_human_ai_decision
O28,1716386740.0,feedback
O28,1716386747.0,end_human_decision
O28,1716386752.0,end_human_ai_decision
O28,1716386754.0,feedback
O28,1716386762.0,end_human_decision
O28,1716386766.0,end_human_ai_decision
O28,1716386768.0,feedback
O28,1716386774.0,end_human_decision
O28,1716386778.0,end_human_ai_decision
O28,1716386780.0,feedback
O28,1716386788.0,end_human_decision
O28,1716386794.0,end_human_ai_decision
O28,1716386796.0,feedback
O28,1716386801.0,end_human_decision
O28,1716386805.0,end_human_ai_decision
O28,1716386807.0,feedback
O28,1716386815.0,end_human_decision
O28,1716386819.0,end_human_ai_decision
O28,1716386821.0,feedback
O28,1716386831.0,end_human_decision
O28,1716386835.0,end_human_ai_decision
O28,1716386837.0,feedback
O29,1716388771.0,tutorial_task
O29,1716388810.0,end_human_decision
O29,1716388824.0,end_human_ai_decision
O29,1716388826.0,feedback
O29,1716388847.0,end_human_decision
O29,1716388850.0,end_human_ai_decision
O29,1716388852.0,feedback
O29,1716388861.0,end_human_decision
O29,1716388865.0,end_human_ai_decision
O29,1716388867.0,feedback
O29,1716388880.0,end_human_decision
O29,1716388885.0,end_human_ai_decision
O29,1716388887.0,feedback
O29,1716388895.0,end_human_decision
O29,1716388898.0,end_human_ai_decision
O29,1716388900.0,feedback
O29,1716388933.0,end_human_decision
O29,1716388936.0,end_human_ai_decision
O29,1716388938.0,feedback
O29,1716388943.0,end_human_decision
O29,1716388959.0,end_human_ai_decision
O29,1716388961.0,feedback
O29,1716388968.0,end_human_decision
O29,1716388973.0,end_human_ai_decision
O29,1716388975.0,feedback
O29,1716389000.0,end_human_decision
O29,1716389004.0,end_human_ai_decision
O29,1716389006.0,feedback
O29,1716389020.0,end_human_decision
O29,1716389023.0,end_human_ai_decision
O29,1716389025.0,feedback
O29,1716389030.0,end_human_decision
O29,1716389033.0,end_human_ai_decision
O29,1716389035.0,feedback
O29,1716389040.0,end_human_decision
O29,1716389044.0,end_human_ai_decision
O29,1716389046.0,feedback
O29,1716389053.0,end_human_decision
O29,1716389059.0,end_human_ai_decision
O29,1716389061.0,feedback
O29,1716389065.0,end_human_decision
O29,1716389071.0,end_human_ai_decision
O29,1716389073.0,feedback
O29,1716389078.0,end_human_decision
O29,1716389082.0,end_human_ai_decision
O29,1716389084.0,feedback
O30,1716395130.0,tutorial_task
O30,1716395168.0,end_human_decision
O30,1716395177.0,end_human_ai_decision
O30,1716395179.0,feedback
O30,1716395219.0,end_human_decision
O30,1716395228.0,end_human_ai_decision
O30,1716395230.0,feedback
O30,1716395273.0,end_human_decision
O30,1716395281.0,end_human_ai_decision
O30,1716395283.0,feedback
O30,1716395317.0,end_human_decision
O30,1716395322.0,end_human_ai_decision
O30,1716395324.0,feedback
O30,1716395383.0,end_human_decision
O30,1716395393.0,end_human_ai_decision
O30,1716395395.0,feedback
O30,1716395448.0,end_human_decision
O30,1716395455.0,end_human_ai_decision
O30,1716395457.0,feedback
O30,1716395496.0,end_human_decision
O30,1716395515.0,end_human_ai_decision
O30,1716395517.0,feedback
O30,1716395552.0,end_human_decision
O30,1716395559.0,end_human_ai_decision
O30,1716395561.0,feedback
O30,1716395581.0,end_human_decision
O30,1716395585.0,end_human_ai_decision
O30,1716395587.0,feedback
O30,1716395607.0,end_human_decision
O30,1716395611.0,end_human_ai_decision
O30,1716395613.0,feedback
O30,1716395652.0,end_human_decision
O30,1716395656.0,end_human_ai_decision
O30,1716395658.0,feedback
O30,1716395680.0,end_human_decision
O30,1716395683.0,end_human_ai_decision
O30,1716395685.0,feedback
O30,1716395697.0,end_human_decision
O30,1716395701.0,end_human_ai_decision
O30,1716395703.0,feedback
O30,1716395723.0,end_human_decision
O30,1716395727.0,end_human_ai_decision
O30,1716395729.0,feedback
O30,1716395743.0,end_human_decision
O30,1716395746.0,end_human_ai_decision
O30,1716395748.0,feedback
O31,1716397214.0,tutorial_task
O31,1716397224.0,end_human_decision
O31,1716397226.0,end_human_ai_decision
O31,1716397228.0,feedback
O31,1716397233.0,end_human_decision
O31,1716397239.0,end_human_ai_decision
O31,1716397241.0,feedback
O31,1716397265.0,end_human_decision
O31,1716397270.0,end_human_ai_decision
O31,1716397272.0,feedback
O31,1716397282.0,end_human_decision
O31,1716397287.0,end_human_ai_decision
O31,1716397289.0,feedback
O31,1716397294.0,end_human_decision
O31,1716397300.0,end_human_ai_decision
O31,1716397302.0,feedback
O31,1716397313.0,end_human_decision
O31,1716397317.0,end_human_ai_decision
O31,1716397319.0,feedback
O31,1716397326.0,end_human_decision
O31,1716397329.0,end_human_ai_decision
O31,1716397331.0,feedback
O31,1716397336.0,end_human_decision
O31,1716397339.0,end_human_ai_decision
O31,1716397341.0,feedback
O31,1716397354.0,end_human_decision
O31,1716397368.0,end_human_ai_decision
O31,1716397370.0,feedback
O31,1716397375.0,end_human_decision
O31,1716397382.0,end_human_ai_decision
O31,1716397384.0,feedback
O31,1716397390.0,end_human_decision
O31,1716397396.0,end_human_ai_decision
O31,1716397398.0,feedback
O31,1716397415.0,end_human_decision
O31,1716397420.0,end_human_ai_decision
O31,1716397422.0,feedback
O31,1716397426.0,end_human_decision
O31,1716397430.0,end_human_ai_decision
O31,1716397432.0,feedback
O31,1716397436.0,end_human_decision
O31,1716397443.0,end_human_ai_decision
O31,1716397445.0,feedback
O31,1716397453.0,end_human_decision
O31,1716397457.0,end_human_ai_decision
O31,1716397459.0,feedback
O32,1716399309.0,tutorial_task
O32,1716399351.0,end_human_decision
O32,1716399357.0,end_human_ai_decision
O32,1716399359.0,feedback
O32,1716399393.0,end_human_decision
O32,1716399399.0,end_human_ai_decision
O32,1716399401.0,feedback
O32,1716399436.0,end_human_decision
O32,1716399439.0,end_human_ai_decision
O32,1716399441.0,feedback
O32,1716399469.0,end_human_decision
O32,1716399475.0,end_human_ai_decision
O32,1716399477.0,feedback
O32,1716399506.0,end_human_decision
O32,1716399510.0,end_human_ai_decision
O32,1716399512.0,feedback
O32,1716399542.0,end_human_decision
O32,1716399557.0,end_human_ai_decision
O32,1716399559.0,feedback
O32,1716399606.0,end_human_decision
O32,1716399611.0,end_human_ai_decision
O32,1716399613.0,feedback
O32,1716399646.0,end_human_decision
O32,1716399649.0,end_human_ai_decision
O32,1716399651.0,feedback
O32,1716399683.0,end_human_decision
O32,1716399687.0,end_human_ai_decision
O32,1716399689.0,feedback
O32,1716399720.0,end_human_decision
O32,1716399730.0,end_human_ai_decision
O32,1716399732.0,feedback
O32,1716399753.0,end_human_decision
O32,1716399756.0,end_human_ai_decision
O32,1716399758.0,feedback
O32,1716399776.0,end_human_decision
O32,1716399779.0,end_human_ai_decision
O32,1716399781.0,feedback
O32,1716399810.0,end_human_decision
O32,1716399814.0,end_human_ai_decision
O32,1716399816.0,feedback
O32,1716399841.0,end_human_decision
O32,1716399845.0,end_human_ai_decision
O32,1716399847.0,feedback
O32,1716399882.0,end_human_decision
O32,1716399886.0,end_human_ai_decision
O32,1716399888.0,feedback
O33,1716975131.0,tutorial_task
O33,1716975174.0,end_human_decision
O33,1716975187.0,end_human_ai_decision
O33,1716975189.0,feedback
O33,1716975247.0,end_human_decision
O33,1716975250.0,end_human_ai_decision
O33,1716975252.0,feedback
O33,1716975309.0,end_human_decision
O33,1716975315.0,end_human_ai_decision
O33,1716975317.0,feedback
O33,1716975367.0,end_human_decision
O33,1716975372.0,end_human_ai_decision
O33,1716975374.0,feedback
O33,1716975415.0,end_human_decision
O33,1716975452.0,end_human_ai_decision
O33,1716975454.0,feedback
O33,1716975502.0,end_human_decision
O33,1716975505.0,end_human_ai_decision
O33,1716975507.0,feedback
O33,1716975539.0,end_human_decision
O33,1716975555.0,end_human_ai_decision
O33,1716975557.0,feedback
O33,1716975586.0,end_human_decision
O33,1716975590.0,end_human_ai_decision
O33,1716975592.0,feedback
O33,1716975622.0,end_human_decision
O33,1716975629.0,end_human_ai_decision
O33,1716975631.0,feedback
O33,1716975654.0,end_human_decision
O33,1716975657.0,end_human_ai_decision
O33,1716975659.0,feedback
O33,1716975687.0,end_human_decision
O33,1716975689.0,end_human_ai_decision
O33,1716975691.0,feedback
O33,1716975707.0,end_human_decision
O33,1716975709.0,end_human_ai_decision
O33,1716975711.0,feedback
O33,1716975744.0,end_human_decision
O33,1716975746.0,end_human_ai_decision
O33,1716975748.0,feedback
O33,1716975765.0,end_human_decision
O33,1716975768.0,end_human_ai_decision
O33,1716975770.0,feedback
O33,1716975802.0,end_human_decision
O33,1716975805.0,end_human_ai_decision
O33,1716975807.0,feedback
O34,1716978573.0,tutorial_task
O34,1716978591.0,end_human_decision
O34,1716978595.0,end_human_ai_decision
O34,1716978597.0,feedback
O34,1716978607.0,end_human_decision
O34,1716978611.0,end_human_ai_decision
O34,1716978613.0,feedback
O34,1716978627.0,end_human_decision
O34,1716978634.0,end_human_ai_decision
O34,1716978636.0,feedback
O34,1716978650.0,end_human_decision
O34,1716978655.0,end_human_ai_decision
O34,1716978657.0,feedback
O34,1716978676.0,end_human_decision
O34,1716978679.0,end_human_ai_decision
O34,1716978681.0,feedback
O34,1716978697.0,end_human_decision
O34,1716978700.0,end_human_ai_decision
O34,1716978702.0,feedback
O34,1716978715.0,end_human_decision
O34,1716978720.0,end_human_ai_decision
O34,1716978722.0,feedback
O34,1716978735.0,end_human_decision
O34,1716978744.0,end_human_ai_decision
O34,1716978746.0,feedback
O34,1716978759.0,end_human_decision
O34,1716978763.0,end_human_ai_decision
O34,1716978765.0,feedback
O34,1716978773.0,end_human_decision
O34,1716978776.0,end_human_ai_decision
O34,1716978778.0,feedback
O34,1716978783.0,end_human_decision
O34,1716978786.0,end_human_ai_decision
O34,1716978788.0,feedback
O34,1716978796.0,end_human_decision
O34,1716978799.0,end_human_ai_decision
O34,1716978801.0,feedback
O34,1716978806.0,end_human_decision
O34,1716978809.0,end_human_ai_decision
O34,1716978811.0,feedback
O34,1716978822.0,end_human_decision
O34,1716978825.0,end_human_ai_decision
O34,1716978827.0,feedback
O34,1716978836.0,end_human_decision
O34,1716978839.0,end_human_ai_decision
O34,1716978841.0,feedback
OX20,1715333656.0,tutorial_task
OX20,1715333686.0,end_human_decision
OX20,1715333708.0,end_human_ai_decision
OX20,1715333710.0,feedback
OX20,1715333738.0,end_human_decision
OX20,1715333759.0,end_human_ai_decision
OX20,1715333761.0,feedback
OX20,1715333783.0,end_human_decision
OX20,1715333797.0,end_human_ai_decision
OX20,1715333799.0,feedback
OX20,1715333826.0,end_human_decision
OX20,1715333842.0,end_human_ai_decision
OX20,1715333844.0,feedback
OX20,1715333882.0,end_human_decision
OX20,1715333909.0,end_human_ai_decision
OX20,1715333911.0,feedback
OX20,1715333946.0,end_human_decision
OX20,1715333964.0,end_human_ai_decision
OX20,1715333966.0,feedback
OX20,1715333990.0,end_human_decision
OX20,1715334025.0,end_human_ai_decision
OX20,1715334027.0,feedback
OX20,1715334048.0,end_human_decision
OX20,1715334063.0,end_human_ai_decision
OX20,1715334065.0,feedback
OX20,1715334084.0,end_human_decision
OX20,1715334106.0,end_human_ai_decision
OX20,1715334108.0,feedback
OX20,1715334132.0,end_human_decision
OX20,1715334166.0,end_human_ai_decision
OX20,1715334168.0,feedback
OX20,1715334188.0,end_human_decision
OX20,1715334208.0,end_human_ai_decision
OX20,1715334210.0,feedback
OX20,1715334235.0,end_human_decision
OX20,1715334257.0,end_human_ai_decision
OX20,1715334259.0,feedback
OX20,1715334294.0,end_human_decision
OX20,1715334319.0,end_human_ai_decision
OX20,1715334321.0,feedback
OX20,1715334343.0,end_human_decision
OX20,1715334363.0,end_human_ai_decision
OX20,1715334365.0,feedback
OX20,1715334390.0,end_human_decision
OX20,1715334405.0,end_human_ai_decision
OX20,1715334407.0,feedback
OX21,1715335904.0,tutorial_task
OX21,1715335918.0,end_human_decision
OX21,1715335926.0,end_human_ai_decision
OX21,1715335928.0,feedback
OX21,1715335943.0,end_human_decision
OX21,1715335949.0,end_human_ai_decision
OX21,1715335951.0,feedback
OX21,1715335959.0,end_human_decision
OX21,1715335964.0,end_human_ai_decision
OX21,1715335966.0,feedback
OX21,1715335973.0,end_human_decision
OX21,1715335977.0,end_human_ai_decision
OX21,1715335979.0,feedback
OX21,1715335986.0,end_human_decision
OX21,1715336021.0,end_human_ai_decision
OX21,1715336023.0,feedback
OX21,1715336037.0,end_human_decision
OX21,1715336046.0,end_human_ai_decision
OX21,1715336048.0,feedback
OX21,1715336055.0,end_human_decision
OX21,1715336069.0,end_human_ai_decision
OX21,1715336071.0,feedback
OX21,1715336080.0,end_human_decision
OX21,1715336094.0,end_human_ai_decision
OX21,1715336096.0,feedback
OX21,1715336105.0,end_human_decision
OX21,1715336109.0,end_human_ai_decision
OX21,1715336111.0,feedback
OX21,1715336118.0,end_human_decision
OX21,1715336121.0,end_human_ai_decision
OX21,1715336123.0,feedback
OX21,1715336146.0,end_human_decision
OX21,1715336152.0,end_human_ai_decision
OX21,1715336154.0,feedback
OX21,1715336164.0,end_human_decision
OX21,1715336170.0,end_human_ai_decision
OX21,1715336172.0,feedback
OX21,1715336182.0,end_human_decision
OX21,1715336194.0,end_human_ai_decision
OX21,1715336196.0,feedback
OX21,1715336209.0,end_human_decision
OX21,1715336214.0,end_human_ai_decision
OX21,1715336216.0,feedback
OX21,1715336223.0,end_human_decision
OX21,1715336226.0,end_human_ai_decision
OX21,1715336228.0,feedback
OX22,1715338898.0,tutorial_task
OX22,1715338916.0,end_human_decision
OX22,1715338934.0,end_human_ai_decision
OX22,1715338936.0,feedback
OX22,1715338964.0,end_human_decision
OX22,1715338988.0,end_human_ai_decision
OX22,1715338990.0,feedback
OX22,1715339013.0,end_human_decision
OX22,1715339032.0,end_human_ai_decision
OX22,1715339034.0,feedback
OX22,1715339072.0,end_human_decision
OX22,1715339089.0,end_human_ai_decision
OX22,1715339091.0,feedback
OX22,1715339127.0,end_human_decision
OX22,1715339153.0,end_human_ai_decision
OX22,1715339155.0,feedback
OX22,1715339174.0,end_human_decision
OX22,1715339193.0,end_human_ai_decision
OX22,1715339195.0,feedback
OX22,1715339221.0,end_human_decision
OX22,1715339243.0,end_human_ai_decision
OX22,1715339245.0,feedback
OX22,1715339273.0,end_human_decision
OX22,1715339293.0,end_human_ai_decision
OX22,1715339295.0,feedback
OX22,1715339307.0,end_human_decision
OX22,1715339330.0,end_human_ai_decision
OX22,1715339332.0,feedback
OX22,1715339358.0,end_human_decision
OX22,1715339380.0,end_human_ai_decision
OX22,1715339382.0,feedback
OX22,1715339412.0,end_human_decision
OX22,1715339429.0,end_human_ai_decision
OX22,1715339431.0,feedback
OX22,1715339459.0,end_human_decision
OX22,1715339481.0,end_human_ai_decision
OX22,1715339483.0,feedback
OX22,1715339506.0,end_human_decision
OX22,1715339524.0,end_human_ai_decision
OX22,1715339526.0,feedback
OX22,1715339557.0,end_human_decision
OX22,1715339577.0,end_human_ai_decision
OX22,1715339579.0,feedback
OX22,1715339605.0,end_human_decision
OX22,1715339622.0,end_human_ai_decision
OX22,1715339624.0,feedback
OX23,1715850962.0,tutorial_task
OX23,1715850974.0,end_human_decision
OX23,1715850981.0,end_human_ai_decision
OX23,1715850983.0,feedback
OX23,1715850995.0,end_human_decision
OX23,1715851014.0,end_human_ai_decision
OX23,1715851016.0,feedback
OX23,1715851027.0,end_human_decision
OX23,1715851031.0,end_human_ai_decision
OX23,1715851033.0,feedback
OX23,1715851043.0,end_human_decision
OX23,1715851058.0,end_human_ai_decision
OX23,1715851060.0,feedback
OX23,1715851086.0,end_human_decision
OX23,1715851092.0,end_human_ai_decision
OX23,1715851094.0,feedback
OX23,1715851114.0,end_human_decision
OX23,1715851117.0,end_human_ai_decision
OX23,1715851119.0,feedback
OX23,1715851124.0,end_human_decision
OX23,1715851129.0,end_human_ai_decision
OX23,1715851131.0,feedback
OX23,1715851143.0,end_human_decision
OX23,1715851153.0,end_human_ai_decision
OX23,1715851155.0,feedback
OX23,1715851170.0,end_human_decision
OX23,1715851174.0,end_human_ai_decision
OX23,1715851176.0,feedback
OX23,1715851187.0,end_human_decision
OX23,1715851190.0,end_human_ai_decision
OX23,1715851192.0,feedback
OX23,1715851210.0,end_human_decision
OX23,1715851212.0,end_human_ai_decision
OX23,1715851214.0,feedback
OX23,1715851219.0,end_human_decision
OX23,1715851228.0,end_human_ai_decision
OX23,1715851230.0,feedback
OX23,1715851235.0,end_human_decision
OX23,1715851255.0,end_human_ai_decision
OX23,1715851257.0,feedback
OX23,1715851271.0,end_human_decision
OX23,1715851274.0,end_human_ai_decision
OX23,1715851276.0,feedback
OX23,1715851290.0,end_human_decision
OX23,1715851296.0,end_human_ai_decision
OX23,1715851298.0,feedback
OX24,1715853261.0,tutorial_task
OX24,1715853300.0,end_human_decision
OX24,1715853316.0,end_human_ai_decision
OX24,1715853318.0,feedback
OX24,1715853340.0,end_human_decision
OX24,1715853371.0,end_human_ai_decision
OX24,1715853373.0,feedback
OX24,1715853399.0,end_human_decision
OX24,1715853413.0,end_human_ai_decision
OX24,1715853415.0,feedback
OX24,1715853443.0,end_human_decision
OX24,1715853456.0,end_human_ai_decision
OX24,1715853458.0,feedback
OX24,1715853485.0,end_human_decision
OX24,1715853505.0,end_human_ai_decision
OX24,1715853507.0,feedback
OX24,1715853533.0,end_human_decision
OX24,1715853550.0,end_human_ai_decision
OX24,1715853552.0,feedback
OX24,1715853559.0,end_human_decision
OX24,1715853581.0,end_human_ai_decision
OX24,1715853583.0,feedback
OX24,1715853615.0,end_human_decision
OX24,1715853631.0,end_human_ai_decision
OX24,1715853633.0,feedback
OX24,1715853660.0,end_human_decision
OX24,1715853664.0,end_human_ai_decision
OX24,1715853666.0,feedback
OX24,1715853698.0,end_human_decision
OX24,1715853714.0,end_human_ai_decision
OX24,1715853716.0,feedback
OX24,1715853759.0,end_human_decision
OX24,1715853774.0,end_human_ai_decision
OX24,1715853776.0,feedback
OX24,1715853796.0,end_human_decision
OX24,1715853810.0,end_human_ai_decision
OX24,1715853812.0,feedback
OX24,1715853829.0,end_human_decision
OX24,1715853850.0,end_human_ai_decision
OX24,1715853852.0,feedback
OX24,1715853877.0,end_human_decision
OX24,1715853889.0,end_human_ai_decision
OX24,1715853891.0,feedback
OX24,1715853918.0,end_human_decision
OX24,1715853929.0,end_human_ai_decision
OX24,1715853931.0,feedback
OX25,1715856353.0,tutorial_task
OX25,1715856381.0,end_human_decision
OX25,1715856402.0,end_human_ai_decision
OX25,1715856404.0,feedback
OX25,1715856429.0,end_human_decision
OX25,1715856469.0,end_human_ai_decision
OX25,1715856471.0,feedback
OX25,1715856524.0,end_human_decision
OX25,1715856542.0,end_human_ai_decision
OX25,1715856544.0,feedback
OX25,1715856586.0,end_human_decision
OX25,1715856628.0,end_human_ai_decision
OX25,1715856630.0,feedback
OX25,1715856659.0,end_human_decision
OX25,1715856709.0,end_human_ai_decision
OX25,1715856711.0,feedback
OX25,1715856751.0,end_human_decision
OX25,1715856785.0,end_human_ai_decision
OX25,1715856787.0,feedback
OX25,1715856809.0,end_human_decision
OX25,1715856843.0,end_human_ai_decision
OX25,1715856845.0,feedback
OX25,1715856880.0,end_human_decision
OX25,1715856896.0,end_human_ai_decision
OX25,1715856898.0,feedback
OX25,1715856930.0,end_human_decision
OX25,1715856952.0,end_human_ai_decision
OX25,1715856954.0,feedback
OX25,1715856997.0,end_human_decision
OX25,1715857061.0,end_human_ai_decision
OX25,1715857063.0,feedback
OX25,1715857103.0,end_human_decision
OX25,1715857135.0,end_human_ai_decision
OX25,1715857137.0,feedback
OX25,1715857147.0,end_human_decision
OX25,1715857172.0,end_human_ai_decision
OX25,1715857174.0,feedback
OX25,1715857209.0,end_human_decision
OX25,1715857269.0,end_human_ai_decision
OX25,1715857271.0,feedback
OX25,1715857286.0,end_human_decision
OX25,1715857331.0,end_human_ai_decision
OX25,1715857333.0,feedback
OX25,1715857374.0,end_human_decision
OX25,1715857389.0,end_human_ai_decision
OX25,1715857391.0,feedback
OX26,1716382215.0,tutorial_task
OX26,1716382242.0,end_human_decision
OX26,1716382266.0,end_human_ai_decision
OX26,1716382268.0,feedback
OX26,1716382288.0,end_human_decision
OX26,1716382333.0,end_human_ai_decision
OX26,1716382335.0,feedback
OX26,1716382353.0,end_human_decision
OX26,1716382373.0,end_human_ai_decision
OX26,1716382375.0,feedback
OX26,1716382398.0,end_human_decision
OX26,1716382429.0,end_human_ai_decision
OX26,1716382431.0,feedback
OX26,1716382446.0,end_human_decision
OX26,1716382476.0,end_human_ai_decision
OX26,1716382478.0,feedback
OX26,1716382499.0,end_human_decision
OX26,1716382517.0,end_human_ai_decision
OX26,1716382519.0,feedback
OX26,1716382528.0,end_human_decision
OX26,1716382551.0,end_human_ai_decision
OX26,1716382553.0,feedback
OX26,1716382570.0,end_human_decision
OX26,1716382580.0,end_human_ai_decision
OX26,1716382582.0,feedback
OX26,1716382622.0,end_human_decision
OX26,1716382638.0,end_human_ai_decision
OX26,1716382640.0,feedback
OX26,1716382669.0,end_human_decision
OX26,1716382692.0,end_human_ai_decision
OX26,1716382694.0,feedback
OX26,1716382707.0,end_human_decision
OX26,1716382723.0,end_human_ai_decision
OX26,1716382725.0,feedback
OX26,1716382742.0,end_human_decision
OX26,1716382754.0,end_human_ai_decision
OX26,1716382756.0,feedback
OX26,1716382776.0,end_human_decision
OX26,1716382787.0,end_human_ai_decision
OX26,1716382789.0,feedback
OX26,1716382800.0,end_human_decision
OX26,1716382819.0,end_human_ai_decision
OX26,1716382821.0,feedback
OX26,1716382833.0,end_human_decision
OX26,1716382846.0,end_human_ai_decision
OX26,1716382848.0,feedback
OX27,1716384766.0,tutorial_task
OX27,1716384785.0,end_human_decision
OX27,1716384802.0,end_human_ai_decision
OX27,1716384804.0,feedback
OX27,1716384830.0,end_human_decision
OX27,1716384848.0,end_human_ai_decision
OX27,1716384850.0,feedback
OX27,1716384865.0,end_human_decision
OX27,1716384881.0,end_human_ai_decision
OX27,1716384883.0,feedback
OX27,1716384899.0,end_human_decision
OX27,1716384915.0,end_human_ai_decision
OX27,1716384917.0,feedback
OX27,1716384950.0,end_human_decision
OX27,1716384974.0,end_human_ai_decision
OX27,1716384976.0,feedback
OX27,1716384991.0,end_human_decision
OX27,1716385001.0,end_human_ai_decision
OX27,1716385003.0,feedback
OX27,1716385028.0,end_human_decision
OX27,1716385040.0,end_human_ai_decision
OX27,1716385042.0,feedback
OX27,1716385061.0,end_human_decision
OX27,1716385073.0,end_human_ai_decision
OX27,1716385075.0,feedback
OX27,1716385088.0,end_human_decision
OX27,1716385112.0,end_human_ai_decision
OX27,1716385114.0,feedback
OX27,1716385135.0,end_human_decision
OX27,1716385152.0,end_human_ai_decision
OX27,1716385154.0,feedback
OX27,1716385192.0,end_human_decision
OX27,1716385202.0,end_human_ai_decision
OX27,1716385204.0,feedback
OX27,1716385215.0,end_human_decision
OX27,1716385223.0,end_human_ai_decision
OX27,1716385225.0,feedback
OX27,1716385236.0,end_human_decision
OX27,1716385251.0,end_human_ai_decision
OX27,1716385253.0,feedback
OX27,1716385267.0,end_human_decision
OX27,1716385275.0,end_human_ai_decision
OX27,1716385277.0,feedback
OX27,1716385298.0,end_human_decision
OX27,1716385307.0,end_human_ai_decision
OX27,1716385309.0,feedback
OX28,1716387411.0,tutorial_task
OX28,1716387443.0,end_human_decision
OX28,1716387472.0,end_human_ai_decision
OX28,1716387474.0,feedback
OX28,1716387504.0,end_human_decision
OX28,1716387537.0,end_human_ai_decision
OX28,1716387539.0,feedback
OX28,1716387576.0,end_human_decision
OX28,1716387615.0,end_human_ai_decision
OX28,1716387617.0,feedback
OX28,1716387639.0,end_human_decision
OX28,1716387659.0,end_human_ai_decision
OX28,1716387661.0,feedback
OX28,1716387682.0,end_human_decision
OX28,1716387731.0,end_human_ai_decision
OX28,1716387733.0,feedback
OX28,1716387753.0,end_human_decision
OX28,1716387765.0,end_human_ai_decision
OX28,1716387767.0,feedback
OX28,1716387785.0,end_human_decision
OX28,1716387829.0,end_human_ai_decision
OX28,1716387831.0,feedback
OX28,1716387843.0,end_human_decision
OX28,1716387854.0,end_human_ai_decision
OX28,1716387856.0,feedback
OX28,1716387876.0,end_human_decision
OX28,1716387887.0,end_human_ai_decision
OX28,1716387889.0,feedback
OX28,1716387901.0,end_human_decision
OX28,1716387925.0,end_human_ai_decision
OX28,1716387927.0,feedback
OX28,1716387942.0,end_human_decision
OX28,1716387965.0,end_human_ai_decision
OX28,1716387967.0,feedback
OX28,1716387977.0,end_human_decision
OX28,1716387990.0,end_human_ai_decision
OX28,1716387992.0,feedback
OX28,1716388011.0,end_human_decision
OX28,1716388030.0,end_human_ai_decision
OX28,1716388032.0,feedback
OX28,1716388063.0,end_human_decision
OX28,1716388089.0,end_human_ai_decision
OX28,1716388091.0,feedback
OX28,1716388122.0,end_human_decision
OX28,1716388134.0,end_human_ai_decision
OX28,1716388136.0,feedback
OX29,1716390258.0,tutorial_task
OX29,1716390287.0,end_human_decision
OX29,1716390303.0,end_human_ai_decision
OX29,1716390305.0,feedback
OX29,1716390336.0,end_human_decision
OX29,1716390359.0,end_human_ai_decision
OX29,1716390361.0,feedback
OX29,1716390384.0,end_human_decision
OX29,1716390403.0,end_human_ai_decision
OX29,1716390405.0,feedback
OX29,1716390424.0,end_human_decision
OX29,1716390438.0,end_human_ai_decision
OX29,1716390440.0,feedback
OX29,1716390466.0,end_human_decision
OX29,1716390495.0,end_human_ai_decision
OX29,1716390497.0,feedback
OX29,1716390521.0,end_human_decision
OX29,1716390554.0,end_human_ai_decision
OX29,1716390556.0,feedback
OX29,1716390571.0,end_human_decision
OX29,1716390616.0,end_human_ai_decision
OX29,1716390618.0,feedback
OX29,1716390638.0,end_human_decision
OX29,1716390659.0,end_human_ai_decision
OX29,1716390661.0,feedback
OX29,1716390671.0,end_human_decision
OX29,1716390691.0,end_human_ai_decision
OX29,1716390693.0,feedback
OX29,1716390703.0,end_human_decision
OX29,1716390771.0,end_human_ai_decision
OX29,1716390773.0,feedback
OX29,1716390783.0,end_human_decision
OX29,1716390811.0,end_human_ai_decision
OX29,1716390813.0,feedback
OX29,1716390824.0,end_human_decision
OX29,1716390862.0,end_human_ai_decision
OX29,1716390864.0,feedback
OX29,1716390879.0,end_human_decision
OX29,1716390939.0,end_human_ai_decision
OX29,1716390941.0,feedback
OX29,1716390963.0,end_human_decision
OX29,1716391025.0,end_human_ai_decision
OX29,1716391027.0,feedback
OX29,1716391045.0,end_human_decision
OX29,1716391065.0,end_human_ai_decision
OX29,1716391067.0,feedback
OX30,1716392936.0,tutorial_task
OX30,1716392943.0,end_human_decision
OX30,1716392952.0,end_human_ai_decision
OX30,1716392954.0,feedback
OX30,1716392967.0,end_human_decision
OX30,1716392978.0,end_human_ai_decision
OX30,1716392980.0,feedback
OX30,1716393000.0,end_human_decision
OX30,1716393010.0,end_human_ai_decision
OX30,1716393012.0,feedback
OX30,1716393019.0,end_human_decision
OX30,1716393028.0,end_human_ai_decision
OX30,1716393030.0,feedback
OX30,1716393034.0,end_human_decision
OX30,1716393038.0,end_human_ai_decision
OX30,1716393040.0,feedback
OX30,1716393054.0,end_human_decision
OX30,1716393063.0,end_human_ai_decision
OX30,1716393065.0,feedback
OX30,1716393068.0,end_human_decision
OX30,1716393093.0,end_human_ai_decision
OX30,1716393095.0,feedback
OX30,1716393100.0,end_human_decision
OX30,1716393108.0,end_human_ai_decision
OX30,1716393110.0,feedback
OX30,1716393114.0,end_human_decision
OX30,1716393123.0,end_human_ai_decision
OX30,1716393125.0,feedback
OX30,1716393132.0,end_human_decision
OX30,1716393150.0,end_human_ai_decision
OX30,1716393152.0,feedback
OX30,1716393156.0,end_human_decision
OX30,1716393164.0,end_human_ai_decision
OX30,1716393166.0,feedback
OX30,1716393171.0,end_human_decision
OX30,1716393177.0,end_human_ai_decision
OX30,1716393179.0,feedback
OX30,1716393185.0,end_human_decision
OX30,1716393195.0,end_human_ai_decision
OX30,1716393197.0,feedback
OX30,1716393204.0,end_human_decision
OX30,1716393213.0,end_human_ai_decision
OX30,1716393215.0,feedback
OX30,1716393220.0,end_human_decision
OX30,1716393228.0,end_human_ai_decision
OX30,1716393230.0,feedback
OX31,1716397852.0,tutorial_task
OX31,1716397868.0,end_human_decision
OX31,1716397884.0,end_human_ai_decision
OX31,1716397886.0,feedback
OX31,1716397904.0,end_human_decision
OX31,1716397926.0,end_human_ai_decision
OX31,1716397928.0,feedback
OX31,1716397936.0,end_human_decision
OX31,1716397951.0,end_human_ai_decision
OX31,1716397953.0,feedback
OX31,1716397964.0,end_human_decision
OX31,1716397982.0,end_human_ai_decision
OX31,1716397984.0,feedback
OX31,1716397997.0,end_human_decision
OX31,1716398022.0,end_human_ai_decision
OX31,1716398024.0,feedback
OX31,1716398035.0,end_human_decision
OX31,1716398052.0,end_human_ai_decision
OX31,1716398054.0,feedback
OX31,1716398064.0,end_human_decision
OX31,1716398081.0,end_human_ai_decision
OX31,1716398083.0,feedback
OX31,1716398092.0,end_human_decision
OX31,1716398107.0,end_human_ai_decision
OX31,1716398109.0,feedback
OX31,1716398118.0,end_human_decision
OX31,1716398139.0,end_human_ai_decision
OX31,1716398141.0,feedback
OX31,1716398150.0,end_human_decision
OX31,1716398174.0,end_human_ai_decision
OX31,1716398176.0,feedback
OX31,1716398188.0,end_human_decision
OX31,1716398204.0,end_human_ai_decision
OX31,1716398206.0,feedback
OX31,1716398217.0,end_human_decision
OX31,1716398238.0,end_human_ai_decision
OX31,1716398240.0,feedback
OX31,1716398250.0,end_human_decision
OX31,1716398266.0,end_human_ai_decision
OX31,1716398268.0,feedback
OX31,1716398284.0,end_human_decision
OX31,1716398301.0,end_human_ai_decision
OX31,1716398303.0,feedback
OX31,1716398320.0,end_human_decision
OX31,1716398332.0,end_human_ai_decision
OX31,1716398334.0,feedback
OX32,1716400290.0,tutorial_task
OX32,1716400330.0,end_human_decision
OX32,1716400363.0,end_human_ai_decision
OX32,1716400365.0,feedback
OX32,1716400386.0,end_human_decision
OX32,1716400435.0,end_human_ai_decision
OX32,1716400437.0,feedback
OX32,1716400461.0,end_human_decision
OX32,1716400480.0,end_human_ai_decision
OX32,1716400482.0,feedback
OX32,1716400513.0,end_human_decision
OX32,1716400541.0,end_human_ai_decision
OX32,1716400543.0,feedback
OX32,1716400568.0,end_human_decision
OX32,1716400594.0,end_human_ai_decision
OX32,1716400596.0,feedback
OX32,1716400627.0,end_human_decision
OX32,1716400666.0,end_human_ai_decision
OX32,1716400668.0,feedback
OX32,1716400694.0,end_human_decision
OX32,1716400718.0,end_human_ai_decision
OX32,1716400720.0,feedback
OX32,1716400752.0,end_human_decision
OX32,1716400781.0,end_human_ai_decision
OX32,1716400783.0,feedback
OX32,1716400807.0,end_human_decision
OX32,1716400831.0,end_human_ai_decision
OX32,1716400833.0,feedback
OX32,1716400856.0,end_human_decision
OX32,1716400882.0,end_human_ai_decision
OX32,1716400884.0,feedback
OX32,1716400916.0,end_human_decision
OX32,1716400943.0,end_human_ai_decision
OX32,1716400945.0,feedback
OX32,1716400975.0,end_human_decision
OX32,1716400998.0,end_human_ai_decision
OX32,1716401000.0,feedback
OX32,1716401026.0,end_human_decision
OX32,1716401050.0,end_human_ai_decision
OX32,1716401052.0,feedback
OX32,1716401076.0,end_human_decision
OX32,1716401096.0,end_human_ai_decision
OX32,1716401098.0,feedback
OX32,1716401128.0,end_human_decision
OX32,1716401146.0,end_human_ai_decision
OX32,1716401148.0,feedback
OX33,1716977199.0,tutorial_task
OX33,1716977218.0,end_human_decision
OX33,1716977236.0,end_human_ai_decision
OX33,1716977238.0,feedback
OX33,1716977260.0,end_human_decision
OX33,1716977286.0,end_human_ai_decision
OX33,1716977288.0,feedback
OX33,1716977303.0,end_human_decision
OX33,1716977320.0,end_human_ai_decision
OX33,1716977322.0,feedback
OX33,1716977335.0,end_human_decision
OX33,1716977352.0,end_human_ai_decision
OX33,1716977354.0,feedback
OX33,1716977370.0,end_human_decision
OX33,1716977388.0,end_human_ai_decision
OX33,1716977390.0,feedback
OX33,1716977399.0,end_human_decision
OX33,1716977417.0,end_human_ai_decision
OX33,1716977419.0,feedback
OX33,1716977433.0,end_human_decision
OX33,1716977463.0,end_human_ai_decision
OX33,1716977465.0,feedback
OX33,1716977479.0,end_human_decision
OX33,1716977494.0,end_human_ai_decision
OX33,1716977496.0,feedback
OX33,1716977506.0,end_human_decision
OX33,1716977529.0,end_human_ai_decision
OX33,1716977531.0,feedback
OX33,1716977547.0,end_human_decision
OX33,1716977565.0,end_human_ai_decision
OX33,1716977567.0,feedback
OX33,1716977586.0,end_human_decision
OX33,1716977604.0,end_human_ai_decision
OX33,1716977606.0,feedback
OX33,1716977618.0,end_human_decision
OX33,1716977640.0,end_human_ai_decision
OX33,1716977642.0,feedback
OX33,1716977658.0,end_human_decision
OX33,1716977674.0,end_human_ai_decision
OX33,1716977676.0,feedback
OX33,1716977683.0,end_human_decision
OX33,1716977691.0,end_human_ai_decision
OX33,1716977693.0,feedback
OX33,1716977703.0,end_human_decision
OX33,1716977717.0,end_human_ai_decision
OX33,1716977719.0,feedback
OX34,1716976331.0,tutorial_task
OX34,1716976348.0,end_human_decision
OX34,1716976365.0,end_human_ai_decision
OX34,1716976367.0,feedback
OX34,1716976393.0,end_human_decision
OX34,1716976415.0,end_human_ai_decision
OX34,1716976417.0,feedback
OX34,1716976435.0,end_human_decision
OX34,1716976452.0,end_human_ai_decision
OX34,1716976454.0,feedback
OX34,1716976468.0,end_human_decision
OX34,1716976487.0,end_human_ai_decision
OX34,1716976489.0,feedback
OX34,1716976504.0,end_human_decision
OX34,1716976509.0,end_human_ai_decision
OX34,1716976511.0,feedback
OX34,1716976535.0,end_human_decision
OX34,1716976553.0,end_human_ai_decision
OX34,1716976555.0,feedback
OX34,1716976573.0,end_human_decision
OX34,1716976597.0,end_human_ai_decision
OX34,1716976599.0,feedback
OX34,1716976622.0,end_human_decision
OX34,1716976638.0,end_human_ai_decision
OX34,1716976640.0,feedback
OX34,1716976653.0,end_human_decision
OX34,1716976674.0,end_human_ai_decision
OX34,1716976676.0,feedback
OX34,1716976689.0,end_human_decision
OX34,1716976708.0,end_human_ai_decision
OX34,1716976710.0,feedback
OX34,1716976726.0,end_human_decision
OX34,1716976743.0,end_human_ai_decision
OX34,1716976745.0,feedback
OX34,1716976757.0,end_human_decision
OX34,1716976779.0,end_human_ai_decision
OX34,1716976781.0,feedback
OX34,1716976798.0,end_human_decision
OX34,1716976819.0,end_human_ai_decision
OX34,1716976821.0,feedback
OX34,1716976830.0,end_human_decision
OX34,1716976848.0,end_human_ai_decision
OX34,1716976850.0,feedback
OX34,1716976862.0,end_human_decision
OX34,1716976875.0,end_human_ai_decision
OX34,1716976877.0,feedback
