ID,XAI,Robot,Round,Confidence,Label,HTime,HAITime,AI_Pred,H_decision,H__AI_decision,Correct_h_decision,Correct_h_ai_decision,Correct_ai_advice,dummy_reliance,overreliance,underreliance,reliance,perimeter_reliance,perimeter_o_reliance,perimeter_u_reliance,matching_decision,matching_decision_c,matching_decision_w,Reliance_Alone
O20,False,True,1,4,Edible,42.36907958984375,5.783233642578125,Edible,Edible,Edible,1,1,1,1,0,0,0,0,0,0,1,1,0,0
O21,False,True,1,8,Edible,14.602996826171877,4.333282470703125,Edible,Edible,Edible,1,1,1,1,0,0,0,0,0,0,1,1,0,0
O22,False,True,1,5,Edible,20.019561767578125,13.8330078125,Edible,Edible,Edible,1,1,1,1,0,0,0,0,0,0,1,1,0,0
O23,False,True,1,5,Edible,38.63568115234375,4.265716552734375,Edible,Edible,Edible,1,1,1,1,0,0,0,0,0,0,1,1,0,0
O24,False,True,1,5,Edible,20.053207397460938,5.449920654296875,Edible,Edible,Edible,1,1,1,1,0,0,0,0,0,0,1,1,0,0
O25,False,True,1,10,Edible,12.41973876953125,3.716598510742188,Edible,Edible,Edible,1,1,1,1,0,0,0,0,0,0,1,1,0,0
O26,False,True,1,7,Edible,16.852935791015625,3.6668701171875,Edible,Edible,Edible,1,1,1,1,0,0,0,0,0,0,1,1,0,0
O27,False,True,1,1,Edible,30.802642822265625,5.533203125,Edible,Edible,Edible,1,1,1,1,0,0,0,0,0,0,1,1,0,0
O28,False,True,1,5,Edible,6.66986083984375,4.516571044921875,Edible,Edible,Edible,1,1,1,1,0,0,0,0,0,0,1,1,0,0
O29,False,True,1,1,Edible,6.5364990234375,13.68304443359375,Edible,Poisonous,Edible,0,1,1,1,0,0,1,1,0,1,0,0,0,1
O30,False,True,1,5,Edible,27.636016845703125,8.733154296875,Edible,Edible,Edible,1,1,1,1,0,0,0,0,0,0,1,1,0,0
O31,False,True,1,7,Edible,6.503189086914063,2.78326416015625,Edible,Poisonous,Edible,0,1,1,1,0,0,1,1,0,1,0,0,0,1
O32,False,True,1,5,Edible,35.43589782714844,6.14984130859375,Edible,Edible,Edible,1,1,1,1,0,0,0,0,0,0,1,1,0,0
O33,False,True,1,7,Edible,31.7860107421875,13.3311767578125,Edible,Poisonous,Edible,0,1,1,1,0,0,1,1,0,1,0,0,0,1
O34,False,True,1,3,Edible,14.036453247070312,4.24847412109375,Edible,Edible,Edible,1,1,1,1,0,0,0,0,0,0,1,1,0,0
OX20,True,True,1,5,Edible,25.45281982421875,22.16619873046875,Edible,Edible,Edible,1,1,1,1,0,0,0,0,0,0,1,1,0,0
OX21,True,True,1,8,Edible,9.403289794921877,8.616363525390625,Edible,Edible,Edible,1,1,1,1,0,0,0,0,0,0,1,1,0,0
OX22,True,True,1,8,Edible,13.519668579101562,18.18296813964844,Edible,Edible,Edible,1,1,1,1,0,0,0,0,0,0,1,1,0,0
OX23,True,True,1,4,Edible,7.1380615234375,7.0331878662109375,Edible,Edible,Poisonous,1,0,1,0,0,0,0,0,0,0,1,1,0,0
OX24,True,True,1,6,Edible,33.519256591796875,16.832916259765625,Edible,Edible,Edible,1,1,1,1,0,0,0,0,0,0,1,1,0,0
OX25,True,True,1,8,Edible,22.6195068359375,21.7161865234375,Edible,Edible,Edible,1,1,1,1,0,0,0,0,0,0,1,1,0,0
OX26,True,True,1,6,Edible,21.66952514648437,23.96612548828125,Edible,Poisonous,Poisonous,0,0,1,0,0,1,0,1,0,1,0,0,0,0
OX27,True,True,1,3,Edible,14.81964111328125,17.132904052734375,Edible,Edible,Edible,1,1,1,1,0,0,0,0,0,0,1,1,0,0
OX28,True,True,1,1,Edible,20.636260986328125,28.53271484375,Edible,Edible,Edible,1,1,1,1,0,0,0,0,0,0,1,1,0,0
OX29,True,True,1,3,Edible,21.41952514648437,16.148345947265625,Edible,Edible,Edible,1,1,1,1,0,0,0,0,0,0,1,1,0,0
OX30,True,True,1,10,Edible,5.1198577880859375,8.351776123046875,Edible,Edible,Edible,1,1,1,1,0,0,0,0,0,0,1,1,0,0
OX31,True,True,1,5,Edible,14.019668579101562,16.315780639648438,Edible,Edible,Edible,1,1,1,1,0,0,0,0,0,0,1,1,0,0
OX32,True,True,1,4,Edible,34.0025634765625,33.166015625,Edible,Poisonous,Poisonous,0,0,1,0,0,1,0,1,0,1,0,0,0,0
OX33,True,True,1,3,Edible,16.019668579101562,17.766311645507812,Edible,Poisonous,Edible,0,1,1,1,0,0,1,1,0,1,0,0,0,1
OX34,True,True,1,7,Edible,13.236419677734377,17.351165771484375,Edible,Edible,Edible,1,1,1,1,0,0,0,0,0,0,1,1,0,0
O20,False,True,2,4,Edible,34.33251953125,18.099578857421875,Edible,Poisonous,Edible,0,1,1,1,0,0,1,1,0,1,0,0,0,1
O21,False,True,2,6,Edible,13.549667358398438,5.066696166992188,Edible,Edible,Edible,1,1,1,1,0,0,0,0,0,0,1,1,0,0
O22,False,True,2,5,Edible,21.46615600585937,11.316375732421877,Edible,Poisonous,Edible,0,1,1,1,0,0,1,1,0,1,0,0,0,1
O23,False,True,2,5,Edible,43.1827392578125,7.733184814453125,Edible,Poisonous,Edible,0,1,1,1,0,0,1,1,0,1,0,0,0,1
O24,False,True,2,5,Edible,6.916427612304688,2.566619873046875,Edible,Poisonous,Poisonous,0,0,1,0,0,1,0,1,0,1,0,0,0,0
O25,False,True,2,10,Edible,23.866119384765625,15.416275024414062,Edible,Poisonous,Poisonous,0,0,1,0,0,1,0,1,0,1,0,0,0,0
O26,False,True,2,6,Edible,14.1824951171875,14.3663330078125,Edible,Poisonous,Poisonous,0,0,1,0,0,1,0,1,0,1,0,0,0,0
O27,False,True,2,2,Edible,38.16575622558594,4.41656494140625,Edible,Poisonous,Edible,0,1,1,1,0,0,1,1,0,1,0,0,0,1
O28,False,True,2,6,Edible,5.56646728515625,4.09991455078125,Edible,Poisonous,Edible,0,1,1,1,0,0,1,1,0,1,0,0,0,1
O29,False,True,2,2,Edible,14.51629638671875,2.6499481201171875,Edible,Poisonous,Poisonous,0,0,1,0,0,1,0,1,0,1,0,0,0,0
O30,False,True,2,5,Edible,36.432464599609375,9.09979248046875,Edible,Poisonous,Edible,0,1,1,1,0,0,1,1,0,1,0,0,0,1
O31,False,True,2,7,Edible,3.216583251953125,5.599822998046875,Edible,Poisonous,Edible,0,1,1,1,0,0,1,1,0,1,0,0,0,1
O32,False,True,2,6,Edible,31.815948486328125,5.4832763671875,Edible,Edible,Edible,1,1,1,1,0,0,0,0,0,0,1,1,0,0
O33,False,True,2,3,Edible,53.415283203125,3.39996337890625,Edible,Edible,Edible,1,1,1,1,0,0,0,0,0,0,1,1,0,0
O34,False,True,2,8,Edible,7.033050537109375,3.616653442382813,Edible,Poisonous,Edible,0,1,1,1,0,0,1,1,0,1,0,0,0,1
OX20,True,True,2,2,Edible,22.03277587890625,20.949462890625,Edible,Edible,Edible,1,1,1,1,0,0,0,0,0,0,1,1,0,0
OX21,True,True,2,6,Edible,10.249725341796877,5.599884033203125,Edible,Edible,Edible,1,1,1,1,0,0,0,0,0,0,1,1,0,0
OX22,True,True,2,5,Edible,24.3160400390625,23.6328125,Edible,Poisonous,Edible,0,1,1,1,0,0,1,1,0,1,0,0,0,1
OX23,True,True,2,5,Edible,8.933197021484375,19.28427124023437,Edible,Poisonous,Edible,0,1,1,1,0,0,1,1,0,1,0,0,0,1
OX24,True,True,2,7,Edible,17.6162109375,31.365966796875,Edible,Poisonous,Poisonous,0,0,1,0,0,1,0,1,0,1,0,0,0,0
OX25,True,True,2,6,Edible,18.83285522460937,39.299102783203125,Edible,Poisonous,Edible,0,1,1,1,0,0,1,1,0,1,0,0,0,1
OX26,True,True,2,7,Edible,13.8663330078125,44.38233947753906,Edible,Poisonous,Poisonous,0,0,1,0,0,1,0,1,0,1,0,0,0,0
OX27,True,True,2,4,Edible,21.666168212890625,18.449493408203125,Edible,Edible,Edible,1,1,1,1,0,0,0,0,0,0,1,1,0,0
OX28,True,True,2,1,Edible,25.832733154296875,32.765960693359375,Edible,Edible,Edible,1,1,1,1,0,0,0,0,0,0,1,1,0,0
OX29,True,True,2,2,Edible,26.965988159179688,23.016143798828125,Edible,Poisonous,Edible,0,1,1,1,0,0,1,1,0,1,0,0,0,1
OX30,True,True,2,6,Edible,11.281097412109377,10.647308349609377,Edible,Edible,Edible,1,1,1,1,0,0,0,0,0,0,1,1,0,0
OX31,True,True,2,5,Edible,16.89959716796875,21.782867431640625,Edible,Poisonous,Edible,0,1,1,1,0,0,1,1,0,1,0,0,0,1
OX32,True,True,2,6,Edible,16.8829345703125,49.098968505859375,Edible,Poisonous,Poisonous,0,0,1,0,0,1,0,1,0,1,0,0,0,0
OX33,True,True,2,3,Edible,18.599517822265625,25.465408325195312,Edible,Edible,Edible,1,1,1,1,0,0,0,0,0,0,1,1,0,0
OX34,True,True,2,6,Edible,22.59783935546875,22.100067138671875,Edible,Poisonous,Edible,0,1,1,1,0,0,1,1,0,1,0,0,0,1
O20,False,True,3,4,Poisonous,51.53216552734375,13.883056640625,Poisonous,Edible,Poisonous,0,1,1,1,0,0,1,1,0,1,0,0,0,1
O21,False,True,3,5,Poisonous,21.566085815429688,8.24981689453125,Poisonous,Edible,Poisonous,0,1,1,1,0,0,1,1,0,1,0,0,0,1
O22,False,True,3,5,Poisonous,25.599395751953125,4.94989013671875,Poisonous,Poisonous,Poisonous,1,1,1,1,0,0,0,0,0,0,1,1,0,0
O23,False,True,3,5,Poisonous,43.74899291992188,7.24981689453125,Poisonous,Poisonous,Poisonous,1,1,1,1,0,0,0,0,0,0,1,1,0,0
O24,False,True,3,5,Poisonous,24.34942626953125,5.864349365234375,Poisonous,Poisonous,Poisonous,1,1,1,1,0,0,0,0,0,0,1,1,0,0
O25,False,True,3,10,Poisonous,4.816574096679688,18.13294982910156,Poisonous,Edible,Poisonous,0,1,1,1,0,0,1,1,0,1,0,0,0,1
O26,False,True,3,4,Poisonous,33.515899658203125,7.73291015625,Poisonous,Edible,Poisonous,0,1,1,1,0,0,1,1,0,1,0,0,0,1
O27,False,True,3,3,Poisonous,51.732177734375,5.64984130859375,Poisonous,Poisonous,Poisonous,1,1,1,1,0,0,0,0,0,0,1,1,0,0
O28,False,True,3,6,Poisonous,7.466461181640625,4.2999267578125,Poisonous,Poisonous,Poisonous,1,1,1,1,0,0,0,0,0,0,1,1,0,0
O29,False,True,3,2,Poisonous,7.233108520507812,4.16644287109375,Poisonous,Poisonous,Poisonous,1,1,1,1,0,0,0,0,0,0,1,1,0,0
O30,False,True,3,3,Poisonous,37.299163818359375,8.28314208984375,Poisonous,Poisonous,Poisonous,1,1,1,1,0,0,0,0,0,0,1,1,0,0
O31,False,True,3,3,Poisonous,20.549530029296875,4.4332275390625,Poisonous,Poisonous,Poisonous,1,1,1,1,0,0,0,0,0,0,1,1,0,0
O32,False,True,3,5,Poisonous,31.7991943359375,3.649993896484375,Poisonous,Poisonous,Poisonous,1,1,1,1,0,0,0,0,0,0,1,1,0,0
O33,False,True,3,7,Poisonous,52.5672607421875,5.918975830078125,Poisonous,Edible,Poisonous,0,1,1,1,0,0,1,1,0,1,0,0,0,1
O34,False,True,3,8,Poisonous,11.832962036132812,7.0165863037109375,Poisonous,Poisonous,Poisonous,1,1,1,1,0,0,0,0,0,0,1,1,0,0
OX20,True,True,3,5,Poisonous,17.716217041015625,14.433013916015623,Poisonous,Poisonous,Poisonous,1,1,1,1,0,0,0,0,0,0,1,1,0,0
OX21,True,True,3,8,Poisonous,5.233184814453125,4.783233642578125,Poisonous,Poisonous,Poisonous,1,1,1,1,0,0,0,0,0,0,1,1,0,0
OX22,True,True,3,5,Poisonous,20.8494873046875,19.099578857421875,Poisonous,Poisonous,Poisonous,1,1,1,1,0,0,0,0,0,0,1,1,0,0
OX23,True,True,3,5,Poisonous,9.080673217773438,3.8179931640625,Poisonous,Poisonous,Poisonous,1,1,1,1,0,0,0,0,0,0,1,1,0,0
OX24,True,True,3,5,Poisonous,21.96615600585937,13.49969482421875,Poisonous,Poisonous,Poisonous,1,1,1,1,0,0,0,0,0,0,1,1,0,0
OX25,True,True,3,5,Poisonous,46.165618896484375,18.099578857421875,Poisonous,Edible,Poisonous,0,1,1,1,0,0,1,1,0,1,0,0,0,1
OX26,True,True,3,5,Poisonous,10.6663818359375,19.9495849609375,Poisonous,Poisonous,Poisonous,1,1,1,1,0,0,0,0,0,0,1,1,0,0
OX27,True,True,3,6,Poisonous,11.433135986328123,15.449615478515623,Poisonous,Poisonous,Poisonous,1,1,1,1,0,0,0,0,0,0,1,1,0,0
OX28,True,True,3,0,Poisonous,34.066436767578125,39.46578979492188,Poisonous,Edible,Poisonous,0,1,1,1,0,0,1,1,0,1,0,0,0,1
OX29,True,True,3,3,Poisonous,17.049591064453125,18.799591064453125,Poisonous,Poisonous,Poisonous,1,1,1,1,0,0,0,0,0,0,1,1,0,0
OX30,True,True,3,4,Poisonous,18.16619873046875,10.24981689453125,Poisonous,Edible,Poisonous,0,1,1,1,0,0,1,1,0,1,0,0,0,1
OX31,True,True,3,5,Poisonous,7.049835205078125,14.24969482421875,Poisonous,Poisonous,Poisonous,1,1,1,1,0,0,0,0,0,0,1,1,0,0
OX32,True,True,3,3,Poisonous,19.49951171875,19.2996826171875,Poisonous,Poisonous,Poisonous,1,1,1,1,0,0,0,0,0,0,1,1,0,0
OX33,True,True,3,6,Poisonous,12.066375732421877,16.96624755859375,Poisonous,Poisonous,Poisonous,1,1,1,1,0,0,0,0,0,0,1,1,0,0
OX34,True,True,3,4,Poisonous,10.83251953125,17.066314697265625,Poisonous,Edible,Poisonous,0,1,1,1,0,0,1,1,0,1,0,0,0,1
O20,False,True,4,1,Poisonous,32.78253173828125,3.283355712890625,Poisonous,Poisonous,Poisonous,1,1,1,1,0,0,0,0,0,0,1,1,0,0
O21,False,True,4,6,Poisonous,17.316192626953125,4.39990234375,Poisonous,Poisonous,Poisonous,1,1,1,1,0,0,0,0,0,0,1,1,0,0
O22,False,True,4,5,Poisonous,28.115997314453125,4.549957275390625,Poisonous,Poisonous,Poisonous,1,1,1,1,0,0,0,0,0,0,1,1,0,0
O23,False,True,4,7,Poisonous,52.83209228515625,7.62969970703125,Poisonous,Edible,Poisonous,0,1,1,1,0,0,1,1,0,1,0,0,0,1
O24,False,True,4,5,Poisonous,27.1160888671875,3.199920654296875,Poisonous,Edible,Poisonous,0,1,1,1,0,0,1,1,0,1,0,0,0,1
O25,False,True,4,10,Poisonous,15.832962036132812,4.283172607421875,Poisonous,Poisonous,Poisonous,1,1,1,1,0,0,0,0,0,0,1,1,0,0
O26,False,True,4,5,Poisonous,21.5328369140625,3.816650390625,Poisonous,Poisonous,Poisonous,1,1,1,1,0,0,0,0,0,0,1,1,0,0
O27,False,True,4,1,Poisonous,64.44879150390625,4.2666015625,Poisonous,Poisonous,Poisonous,1,1,1,1,0,0,0,0,0,0,1,1,0,0
O28,False,True,4,5,Poisonous,5.199859619140625,4.433258056640625,Poisonous,Edible,Poisonous,0,1,1,1,0,0,1,1,0,1,0,0,0,1
O29,False,True,4,3,Poisonous,9.884918212890623,4.99884033203125,Poisonous,Edible,Poisonous,0,1,1,1,0,0,1,1,0,1,0,0,0,1
O30,False,True,4,5,Poisonous,30.4659423828125,4.983245849609375,Poisonous,Poisonous,Poisonous,1,1,1,1,0,0,0,0,0,0,1,1,0,0
O31,False,True,4,10,Poisonous,7.94976806640625,4.599853515625,Poisonous,Poisonous,Poisonous,1,1,1,1,0,0,0,0,0,0,1,1,0,0
O32,False,True,4,7,Poisonous,25.66610717773437,5.983184814453125,Poisonous,Edible,Poisonous,0,1,1,1,0,0,1,1,0,1,0,0,0,1
O33,False,True,4,9,Poisonous,45.57980346679688,5.099945068359375,Poisonous,Edible,Poisonous,0,1,1,1,0,0,1,1,0,1,0,0,0,1
O34,False,True,4,6,Poisonous,11.4163818359375,4.566558837890625,Poisonous,Poisonous,Poisonous,1,1,1,1,0,0,0,0,0,0,1,1,0,0
OX20,True,True,4,10,Poisonous,22.616119384765625,16.21630859375,Poisonous,Poisonous,Poisonous,1,1,1,1,0,0,0,0,0,0,1,1,0,0
OX21,True,True,4,8,Poisonous,4.2498779296875,4.1998291015625,Poisonous,Poisonous,Poisonous,1,1,1,1,0,0,0,0,0,0,1,1,0,0
OX22,True,True,4,3,Poisonous,35.08251953125,17.082977294921875,Poisonous,Poisonous,Poisonous,1,1,1,1,0,0,0,0,0,0,1,1,0,0
OX23,True,True,4,7,Poisonous,7.28167724609375,15.299713134765623,Poisonous,Poisonous,Poisonous,1,1,1,1,0,0,0,0,0,0,1,1,0,0
OX24,True,True,4,6,Poisonous,18.482940673828125,12.59808349609375,Poisonous,Poisonous,Poisonous,1,1,1,1,0,0,0,0,0,0,1,1,0,0
OX25,True,True,4,7,Poisonous,36.282501220703125,41.9656982421875,Poisonous,Poisonous,Poisonous,1,1,1,1,0,0,0,0,0,0,1,1,0,0
OX26,True,True,4,7,Poisonous,17.232879638671875,31.865997314453125,Poisonous,Poisonous,Poisonous,1,1,1,1,0,0,0,0,0,0,1,1,0,0
OX27,True,True,4,3,Poisonous,12.8829345703125,16.482940673828125,Poisonous,Poisonous,Poisonous,1,1,1,1,0,0,0,0,0,0,1,1,0,0
OX28,True,True,4,1,Poisonous,14.716278076171877,19.84954833984375,Poisonous,Poisonous,Poisonous,1,1,1,1,0,0,0,0,0,0,1,1,0,0
OX29,True,True,4,8,Poisonous,12.53302001953125,14.299713134765623,Poisonous,Poisonous,Poisonous,1,1,1,1,0,0,0,0,0,0,1,1,0,0
OX30,True,True,4,10,Poisonous,4.649871826171875,8.4664306640625,Poisonous,Poisonous,Poisonous,1,1,1,1,0,0,0,0,0,0,1,1,0,0
OX31,True,True,4,5,Poisonous,9.649749755859377,17.999603271484375,Poisonous,Poisonous,Poisonous,1,1,1,1,0,0,0,0,0,0,1,1,0,0
OX32,True,True,4,3,Poisonous,26.31597900390625,28.016082763671875,Poisonous,Edible,Poisonous,0,1,1,1,0,0,1,1,0,1,0,0,0,1
OX33,True,True,4,6,Poisonous,11.349761962890623,17.082977294921875,Poisonous,Poisonous,Poisonous,1,1,1,1,0,0,0,0,0,0,1,1,0,0
OX34,True,True,4,7,Poisonous,10.56640625,18.716278076171875,Poisonous,Poisonous,Poisonous,1,1,1,1,0,0,0,0,0,0,1,1,0,0
O20,False,True,5,1,Edible,27.29925537109375,3.049835205078125,Poisonous,Poisonous,Poisonous,0,0,0,1,0,0,0,0,0,0,1,0,1,0
O21,False,True,5,7,Edible,14.166366577148438,4.71661376953125,Poisonous,Poisonous,Poisonous,0,0,0,1,0,0,0,0,0,0,1,0,1,0
O22,False,True,5,5,Edible,26.34930419921875,4.566619873046875,Poisonous,Poisonous,Poisonous,0,0,0,1,0,0,0,0,0,0,1,0,1,0
O23,False,True,5,7,Edible,27.166015625,3.98321533203125,Poisonous,Poisonous,Poisonous,0,0,0,1,0,0,0,0,0,0,1,0,1,0
O24,False,True,5,5,Edible,17.64959716796875,2.6666259765625,Poisonous,Edible,Poisonous,1,0,0,1,1,0,1,1,1,0,0,0,0,0
O25,False,True,5,10,Edible,24.26605224609375,8.849822998046875,Poisonous,Poisonous,Poisonous,0,0,0,1,0,0,0,0,0,0,1,0,1,0
O26,False,True,5,5,Edible,30.549224853515625,3.1337890625,Poisonous,Poisonous,Poisonous,0,0,0,1,0,0,0,0,0,0,1,0,1,0
O27,False,True,5,2,Edible,46.115570068359375,13.799713134765623,Poisonous,Edible,Poisonous,1,0,0,1,1,0,1,1,1,0,0,0,0,0
O28,False,True,5,8,Edible,2.4332275390625,4.499908447265625,Poisonous,Poisonous,Edible,0,1,0,0,0,0,0,0,0,0,1,0,1,0
O29,False,True,5,3,Edible,5.416473388671875,3.16656494140625,Poisonous,Poisonous,Poisonous,0,0,0,1,0,0,0,0,0,0,1,0,1,0
O30,False,True,5,2,Edible,50.732177734375,9.716461181640623,Poisonous,Edible,Poisonous,1,0,0,1,1,0,1,1,1,0,0,0,0,0
O31,False,True,5,10,Edible,3.883209228515625,5.933197021484375,Poisonous,Poisonous,Poisonous,0,0,0,1,0,0,0,0,0,0,1,0,1,0
O32,False,True,5,5,Edible,25.99935913085937,3.34991455078125,Poisonous,Poisonous,Poisonous,0,0,0,1,0,0,0,0,0,0,1,0,1,0
O33,False,True,5,5,Edible,36.64923095703125,37.63433837890625,Poisonous,Edible,Poisonous,1,0,0,1,1,0,1,1,1,0,0,0,0,0
O34,False,True,5,4,Edible,15.61627197265625,3.7166748046875,Poisonous,Edible,Poisonous,1,0,0,1,1,0,1,1,1,0,0,0,0,0
OX20,True,True,5,1,Edible,34.4324951171875,26.91607666015625,Poisonous,Poisonous,Poisonous,0,0,0,1,0,0,0,0,0,0,1,0,1,0
OX21,True,True,5,7,Edible,3.53326416015625,34.8992919921875,Poisonous,Poisonous,Poisonous,0,0,0,1,0,0,0,0,0,0,1,0,1,0
OX22,True,True,5,4,Edible,32.03253173828125,26.149444580078125,Poisonous,Edible,Poisonous,1,0,0,1,1,0,1,1,1,0,0,0,0,0
OX23,True,True,5,3,Edible,22.73275756835937,6.050811767578125,Poisonous,Poisonous,Poisonous,0,0,0,1,0,0,0,0,0,0,1,0,1,0
OX24,True,True,5,6,Edible,24.617156982421875,19.73272705078125,Poisonous,Poisonous,Poisonous,0,0,0,1,0,0,0,0,0,0,1,0,1,0
OX25,True,True,5,6,Edible,25.332763671875,49.79888916015625,Poisonous,Edible,Edible,1,1,0,0,0,0,0,1,1,0,0,0,0,0
OX26,True,True,5,8,Edible,9.216400146484377,30.0660400390625,Poisonous,Poisonous,Poisonous,0,0,0,1,0,0,0,0,0,0,1,0,1,0
OX27,True,True,5,3,Edible,31.549285888671875,23.999481201171875,Poisonous,Poisonous,Poisonous,0,0,0,1,0,0,0,0,0,0,1,0,1,0
OX28,True,True,5,1,Edible,17.7830810546875,48.66571044921875,Poisonous,Poisonous,Poisonous,0,0,0,1,0,0,0,0,0,0,1,0,1,0
OX29,True,True,5,8,Edible,19.816192626953125,28.94921875,Poisonous,Poisonous,Poisonous,0,0,0,1,0,0,0,0,0,0,1,0,1,0
OX30,True,True,5,10,Edible,2.833282470703125,4.251678466796875,Poisonous,Poisonous,Poisonous,0,0,0,1,0,0,0,0,0,0,1,0,1,0
OX31,True,True,5,5,Edible,11.499725341796877,25.099395751953125,Poisonous,Edible,Poisonous,1,0,0,1,1,0,1,1,1,0,0,0,0,0
OX32,True,True,5,3,Edible,23.0333251953125,25.83282470703125,Poisonous,Poisonous,Poisonous,0,0,0,1,0,0,0,0,0,0,1,0,1,0
OX33,True,True,5,4,Edible,12.949676513671877,18.7982177734375,Poisonous,Poisonous,Poisonous,0,0,0,1,0,0,0,0,0,0,1,0,1,0
OX34,True,True,5,8,Edible,8.13311767578125,5.116546630859375,Poisonous,Poisonous,Poisonous,0,0,0,1,0,0,0,0,0,0,1,0,1,0
O20,False,True,6,2,Edible,71.08169555664062,6.69989013671875,Edible,Edible,Edible,1,1,1,1,0,0,0,0,0,0,1,1,0,0
O21,False,True,6,7,Edible,17.866180419921875,4.26654052734375,Edible,Edible,Edible,1,1,1,1,0,0,0,0,0,0,1,1,0,0
O22,False,True,6,5,Edible,40.51568603515625,7.999847412109375,Edible,Poisonous,Edible,0,1,1,1,0,0,1,1,0,1,0,0,0,1
O23,False,True,6,6,Edible,58.03314208984375,4.46661376953125,Edible,Edible,Edible,1,1,1,1,0,0,0,0,0,0,1,1,0,0
O24,False,True,6,5,Edible,10.3497314453125,11.116424560546877,Edible,Poisonous,Poisonous,0,0,1,0,0,1,0,1,0,1,0,0,0,0
O25,False,True,6,10,Edible,20.816162109375,4.3665771484375,Edible,Poisonous,Poisonous,0,0,1,0,0,1,0,1,0,1,0,0,0,0
O26,False,True,6,5,Edible,39.048583984375,17.56634521484375,Edible,Poisonous,Poisonous,0,0,1,0,0,1,0,1,0,1,0,0,0,0
O27,False,True,6,3,Edible,35.882537841796875,4.34991455078125,Edible,Edible,Edible,1,1,1,1,0,0,0,0,0,0,1,1,0,0
O28,False,True,6,5,Edible,4.766510009765625,3.883209228515625,Edible,Edible,Edible,1,1,1,1,0,0,0,0,0,0,1,1,0,0
O29,False,True,6,3,Edible,31.4659423828125,3.597137451171875,Edible,Poisonous,Edible,0,1,1,1,0,0,1,1,0,1,0,0,0,1
O30,False,True,6,4,Edible,44.4156494140625,6.983154296875,Edible,Edible,Edible,1,1,1,1,0,0,0,0,0,0,1,1,0,0
O31,False,True,6,4,Edible,8.2998046875,4.233245849609375,Edible,Edible,Edible,1,1,1,1,0,0,0,0,0,0,1,1,0,0
O32,False,True,6,4,Edible,28.232635498046875,14.399566650390623,Edible,Poisonous,Edible,0,1,1,1,0,0,1,1,0,1,0,0,0,1
O33,False,True,6,9,Edible,45.33062744140625,2.46661376953125,Edible,Edible,Edible,1,1,1,1,0,0,0,0,0,0,1,1,0,0
O34,False,True,6,7,Edible,12.482940673828123,3.366546630859375,Edible,Edible,Edible,1,1,1,1,0,0,0,0,0,0,1,1,0,0
OX20,True,True,6,5,Edible,31.7159423828125,18.09967041015625,Edible,Edible,Edible,1,1,1,1,0,0,0,0,0,0,1,1,0,0
OX21,True,True,6,7,Edible,11.932952880859377,8.899688720703125,Edible,Edible,Edible,1,1,1,1,0,0,0,0,0,0,1,1,0,0
OX22,True,True,6,8,Edible,16.899688720703125,18.21624755859375,Edible,Edible,Edible,1,1,1,1,0,0,0,0,0,0,1,1,0,0
OX23,True,True,6,2,Edible,16.298614501953125,3.04998779296875,Edible,Poisonous,Edible,0,1,1,1,0,0,1,1,0,1,0,0,0,1
OX24,True,True,6,6,Edible,23.6505126953125,17.180419921875,Edible,Poisonous,Edible,0,1,1,1,0,0,1,1,0,1,0,0,0,1
OX25,True,True,6,6,Edible,31.31597900390625,34.44927978515625,Edible,Poisonous,Edible,0,1,1,1,0,0,1,1,0,1,0,0,0,1
OX26,True,True,6,7,Edible,16.349609375,17.86627197265625,Edible,Poisonous,Poisonous,0,0,1,0,0,1,0,1,0,1,0,0,0,0
OX27,True,True,6,7,Edible,6.483123779296875,10.616455078125,Edible,Edible,Edible,1,1,1,1,0,0,0,0,0,0,1,1,0,0
OX28,True,True,6,2,Edible,15.0162353515625,11.43316650390625,Edible,Edible,Edible,1,1,1,1,0,0,0,0,0,0,1,1,0,0
OX29,True,True,6,6,Edible,21.032867431640625,33.04693603515625,Edible,Edible,Edible,1,1,1,1,0,0,0,0,0,0,1,1,0,0
OX30,True,True,6,7,Edible,11.94793701171875,8.73553466796875,Edible,Edible,Edible,1,1,1,1,0,0,0,0,0,0,1,1,0,0
OX31,True,True,6,5,Edible,9.749755859375,17.416259765625,Edible,Edible,Edible,1,1,1,1,0,0,0,0,0,0,1,1,0,0
OX32,True,True,6,3,Edible,28.79937744140625,38.2991943359375,Edible,Poisonous,Poisonous,0,0,1,0,0,1,0,1,0,1,0,0,0,0
OX33,True,True,6,4,Edible,7.333160400390625,17.5662841796875,Edible,Edible,Edible,1,1,1,1,0,0,0,0,0,0,1,1,0,0
OX34,True,True,6,5,Edible,22.31719970703125,17.86962890625,Edible,Edible,Edible,1,1,1,1,0,0,0,0,0,0,1,1,0,0
O20,False,True,7,6,Edible,11.2496337890625,2.71661376953125,Edible,Poisonous,Poisonous,0,0,1,0,0,1,0,1,0,1,0,0,0,0
O21,False,True,7,8,Edible,18.782928466796875,13.11639404296875,Edible,Poisonous,Poisonous,0,0,1,0,0,1,0,1,0,1,0,0,0,0
O22,False,True,7,5,Edible,25.533203125,5.0166015625,Edible,Poisonous,Edible,0,1,1,1,0,0,1,1,0,1,0,0,0,1
O23,False,True,7,9,Edible,8.41644287109375,4.3165283203125,Edible,Poisonous,Edible,0,1,1,1,0,0,1,1,0,1,0,0,0,1
O24,False,True,7,5,Edible,21.116119384765625,5.350372314453125,Edible,Edible,Edible,1,1,1,1,0,0,0,0,0,0,1,1,0,0
O25,False,True,7,10,Edible,7.116485595703125,3.44989013671875,Edible,Poisonous,Poisonous,0,0,1,0,0,1,0,1,0,1,0,0,0,0
O26,False,True,7,5,Edible,19.48284912109375,36.50225830078125,Edible,Poisonous,Edible,0,1,1,1,0,0,1,1,0,1,0,0,0,1
O27,False,True,7,4,Edible,41.932373046875,6.083251953125,Edible,Poisonous,Edible,0,1,1,1,0,0,1,1,0,1,0,0,0,1
O28,False,True,7,6,Edible,4.699981689453125,4.049896240234375,Edible,Poisonous,Edible,0,1,1,1,0,0,1,1,0,1,0,0,0,1
O29,False,True,7,3,Edible,3.583160400390625,15.582977294921877,Edible,Poisonous,Edible,0,1,1,1,0,0,1,1,0,1,0,0,0,1
O30,False,True,7,7,Edible,35.03253173828125,19.3328857421875,Edible,Poisonous,Poisonous,0,0,1,0,0,1,0,1,0,1,0,0,0,0
O31,False,True,7,10,Edible,3.98321533203125,3.93316650390625,Edible,Poisonous,Edible,0,1,1,1,0,0,1,1,0,1,0,0,0,1
O32,False,True,7,4,Edible,43.53240966796875,4.68328857421875,Edible,Edible,Edible,1,1,1,1,0,0,0,0,0,0,1,1,0,0
O33,False,True,7,8,Edible,28.83270263671875,16.0830078125,Edible,Poisonous,Edible,0,1,1,1,0,0,1,1,0,1,0,0,0,1
O34,False,True,7,6,Edible,10.6663818359375,4.283203125,Edible,Poisonous,Edible,0,1,1,1,0,0,1,1,0,1,0,0,0,1
OX20,True,True,7,8,Edible,20.8660888671875,34.7825927734375,Edible,Poisonous,Poisonous,0,0,1,0,0,1,0,1,0,1,0,0,0,0
OX21,True,True,7,9,Edible,4.249908447265625,13.966278076171877,Edible,Poisonous,Edible,0,1,1,1,0,0,1,1,0,1,0,0,0,1
OX22,True,True,7,7,Edible,23.19940185546875,21.5994873046875,Edible,Poisonous,Poisonous,0,0,1,0,0,1,0,1,0,1,0,0,0,0
OX23,True,True,7,9,Edible,1.634124755859375,4.51654052734375,Edible,Poisonous,Edible,0,1,1,1,0,0,1,1,0,1,0,0,0,1
OX24,True,True,7,8,Edible,4.5665283203125,22.7994384765625,Edible,Poisonous,Edible,0,1,1,1,0,0,1,1,0,1,0,0,0,1
OX25,True,True,7,7,Edible,18.5328369140625,33.7825927734375,Edible,Poisonous,Poisonous,0,0,1,0,0,1,0,1,0,1,0,0,0,0
OX26,True,True,7,10,Edible,5.349822998046875,23.24945068359375,Edible,Poisonous,Poisonous,0,0,1,0,0,1,0,1,0,1,0,0,0,0
OX27,True,True,7,3,Edible,10.36639404296875,11.53302001953125,Edible,Poisonous,Edible,0,1,1,1,0,0,1,1,0,1,0,0,0,1
OX28,True,True,7,2,Edible,16.06658935546875,44.36865234375,Edible,Poisonous,Edible,0,1,1,1,0,0,1,1,0,1,0,0,0,1
OX29,True,True,7,8,Edible,12.016387939453123,44.61578369140625,Edible,Poisonous,Poisonous,0,0,1,0,0,1,0,1,0,1,0,0,0,0
OX30,True,True,7,7,Edible,2.180877685546875,25.43280029296875,Edible,Poisonous,Poisonous,0,0,1,0,0,1,0,1,0,1,0,0,0,0
OX31,True,True,7,5,Edible,8.9664306640625,16.666290283203125,Edible,Poisonous,Poisonous,0,0,1,0,0,1,0,1,0,1,0,0,0,0
OX32,True,True,7,5,Edible,18.299560546875,23.7662353515625,Edible,Poisonous,Poisonous,0,0,1,0,0,1,0,1,0,1,0,0,0,0
OX33,True,True,7,6,Edible,11.049713134765623,30.01522827148437,Edible,Poisonous,Edible,0,1,1,1,0,0,1,1,0,1,0,0,0,1
OX34,True,True,7,9,Edible,13.36297607421875,23.90045166015625,Edible,Poisonous,Edible,0,1,1,1,0,0,1,1,0,1,0,0,0,1
O20,False,True,8,4,Poisonous,40.69903564453125,3.41656494140625,Poisonous,Poisonous,Poisonous,1,1,1,1,0,0,0,0,0,0,1,1,0,0
O21,False,True,8,7,Poisonous,21.76611328125,3.899932861328125,Poisonous,Poisonous,Poisonous,1,1,1,1,0,0,0,0,0,0,1,1,0,0
O22,False,True,8,5,Poisonous,27.94927978515625,4.59991455078125,Poisonous,Poisonous,Poisonous,1,1,1,1,0,0,0,0,0,0,1,1,0,0
O23,False,True,8,7,Poisonous,47.5489501953125,5.18328857421875,Poisonous,Edible,Poisonous,0,1,1,1,0,0,1,1,0,1,0,0,0,1
O24,False,True,8,6,Poisonous,11.632843017578123,3.566497802734375,Poisonous,Poisonous,Poisonous,1,1,1,1,0,0,0,0,0,0,1,1,0,0
O25,False,True,8,6,Poisonous,16.46630859375,4.41656494140625,Poisonous,Poisonous,Poisonous,1,1,1,1,0,0,0,0,0,0,1,1,0,0
O26,False,True,8,6,Poisonous,12.39666748046875,5.09991455078125,Poisonous,Poisonous,Poisonous,1,1,1,1,0,0,0,0,0,0,1,1,0,0
O27,False,True,8,2,Poisonous,46.13226318359375,3.38323974609375,Poisonous,Poisonous,Poisonous,1,1,1,1,0,0,0,0,0,0,1,1,0,0
O28,False,True,8,6,Poisonous,4.133209228515625,4.833343505859375,Poisonous,Poisonous,Poisonous,1,1,1,1,0,0,0,0,0,0,1,1,0,0
O29,False,True,8,3,Poisonous,6.516448974609375,4.483245849609375,Poisonous,Edible,Poisonous,0,1,1,1,0,0,1,1,0,1,0,0,0,1
O30,False,True,8,5,Poisonous,28.3326416015625,6.89984130859375,Poisonous,Poisonous,Poisonous,1,1,1,1,0,0,0,0,0,0,1,1,0,0
O31,False,True,8,10,Poisonous,3.433197021484375,3.283294677734375,Poisonous,Poisonous,Poisonous,1,1,1,1,0,0,0,0,0,0,1,1,0,0
O32,False,True,8,7,Poisonous,26.93267822265625,3.19989013671875,Poisonous,Poisonous,Poisonous,1,1,1,1,0,0,0,0,0,0,1,1,0,0
O33,False,True,8,9,Poisonous,26.59942626953125,3.91656494140625,Poisonous,Edible,Poisonous,0,1,1,1,0,0,1,1,0,1,0,0,0,1
O34,False,True,8,6,Poisonous,11.149749755859377,8.749786376953125,Poisonous,Edible,Poisonous,0,1,1,1,0,0,1,1,0,1,0,0,0,1
OX20,True,True,8,10,Poisonous,15.2662353515625,15.0830078125,Poisonous,Poisonous,Poisonous,1,1,1,1,0,0,0,0,0,0,1,1,0,0
OX21,True,True,8,9,Poisonous,5.849945068359375,14.366241455078123,Poisonous,Poisonous,Poisonous,1,1,1,1,0,0,0,0,0,0,1,1,0,0
OX22,True,True,8,5,Poisonous,25.66607666015625,20.0328369140625,Poisonous,Poisonous,Poisonous,1,1,1,1,0,0,0,0,0,0,1,1,0,0
OX23,True,True,8,7,Poisonous,6.58319091796875,10.64971923828125,Poisonous,Poisonous,Poisonous,1,1,1,1,0,0,0,0,0,0,1,1,0,0
OX24,True,True,8,5,Poisonous,18.08306884765625,15.4852294921875,Poisonous,Edible,Poisonous,0,1,1,1,0,0,1,1,0,1,0,0,0,1
OX25,True,True,8,9,Poisonous,14.94964599609375,15.59967041015625,Poisonous,Poisonous,Poisonous,1,1,1,1,0,0,0,0,0,0,1,1,0,0
OX26,True,True,8,10,Poisonous,7.099822998046875,9.716461181640623,Poisonous,Poisonous,Poisonous,1,1,1,1,0,0,0,0,0,0,1,1,0,0
OX27,True,True,8,8,Poisonous,15.73297119140625,12.0997314453125,Poisonous,Poisonous,Poisonous,1,1,1,1,0,0,0,0,0,0,1,1,0,0
OX28,True,True,8,2,Poisonous,6.89691162109375,11.4134521484375,Poisonous,Poisonous,Poisonous,1,1,1,1,0,0,0,0,0,0,1,1,0,0
OX29,True,True,8,3,Poisonous,16.65155029296875,21.23333740234375,Poisonous,Poisonous,Poisonous,1,1,1,1,0,0,0,0,0,0,1,1,0,0
OX30,True,True,8,7,Poisonous,3.149871826171875,8.18310546875,Poisonous,Poisonous,Poisonous,1,1,1,1,0,0,0,0,0,0,1,1,0,0
OX31,True,True,8,5,Poisonous,7.149993896484375,14.966278076171877,Poisonous,Poisonous,Poisonous,1,1,1,1,0,0,0,0,0,0,1,1,0,0
OX32,True,True,8,2,Poisonous,28.9158935546875,28.36602783203125,Poisonous,Poisonous,Poisonous,1,1,1,1,0,0,0,0,0,0,1,1,0,0
OX33,True,True,8,7,Poisonous,11.39971923828125,15.19970703125,Poisonous,Poisonous,Poisonous,1,1,1,1,0,0,0,0,0,0,1,1,0,0
OX34,True,True,8,5,Poisonous,19.79852294921875,16.1357421875,Poisonous,Poisonous,Poisonous,1,1,1,1,0,0,0,0,0,0,1,1,0,0
O20,False,True,9,4,Edible,32.08258056640625,8.8331298828125,Edible,Poisonous,Edible,0,1,1,1,0,0,1,1,0,1,0,0,0,1
O21,False,True,9,2,Edible,25.23272705078125,3.38323974609375,Edible,Poisonous,Edible,0,1,1,1,0,0,1,1,0,1,0,0,0,1
O22,False,True,9,5,Edible,20.26611328125,4.29986572265625,Edible,Edible,Edible,1,1,1,1,0,0,0,0,0,0,1,1,0,0
O23,False,True,9,5,Edible,45.7322998046875,5.316650390625,Edible,Poisonous,Edible,0,1,1,1,0,0,1,1,0,1,0,0,0,1
O24,False,True,9,6,Edible,4.483154296875,5.14984130859375,Edible,Poisonous,Poisonous,0,0,1,0,0,1,0,1,0,1,0,0,0,0
O25,False,True,9,8,Edible,15.416290283203123,2.766571044921875,Edible,Edible,Edible,1,1,1,1,0,0,0,0,0,0,1,1,0,0
O26,False,True,9,6,Edible,20.949462890625,6.1671142578125,Edible,Edible,Edible,1,1,1,1,0,0,0,0,0,0,1,1,0,0
O27,False,True,9,3,Edible,32.3492431640625,2.98321533203125,Edible,Edible,Edible,1,1,1,1,0,0,0,0,0,0,1,1,0,0
O28,False,True,9,7,Edible,3.8331298828125,4.749908447265625,Edible,Edible,Edible,1,1,1,1,0,0,0,0,0,0,1,1,0,0
O29,False,True,9,3,Edible,23.54949951171875,4.3665771484375,Edible,Poisonous,Edible,0,1,1,1,0,0,1,1,0,1,0,0,0,1
O30,False,True,9,8,Edible,15.782958984375,4.26654052734375,Edible,Edible,Edible,1,1,1,1,0,0,0,0,0,0,1,1,0,0
O31,False,True,9,10,Edible,11.71636962890625,13.233062744140623,Edible,Poisonous,Poisonous,0,0,1,0,0,1,0,1,0,1,0,0,0,0
O32,False,True,9,5,Edible,29.1492919921875,3.68328857421875,Edible,Edible,Edible,1,1,1,1,0,0,0,0,0,0,1,1,0,0
O33,False,True,9,8,Edible,28.2159423828125,7.16650390625,Edible,Edible,Edible,1,1,1,1,0,0,0,0,0,0,1,1,0,0
O34,False,True,9,8,Edible,10.48309326171875,3.549957275390625,Edible,Edible,Edible,1,1,1,1,0,0,0,0,0,0,1,1,0,0
OX20,True,True,9,10,Edible,15.83294677734375,21.8828125,Edible,Edible,Edible,1,1,1,1,0,0,0,0,0,0,1,1,0,0
OX21,True,True,9,8,Edible,6.333160400390625,3.883331298828125,Edible,Edible,Edible,1,1,1,1,0,0,0,0,0,0,1,1,0,0
OX22,True,True,9,9,Edible,8.783203125,23.14947509765625,Edible,Edible,Edible,1,1,1,1,0,0,0,0,0,0,1,1,0,0
OX23,True,True,9,6,Edible,11.016387939453123,4.799896240234375,Edible,Edible,Edible,1,1,1,1,0,0,0,0,0,0,1,1,0,0
OX24,True,True,9,7,Edible,24.68060302734375,3.99993896484375,Edible,Edible,Edible,1,1,1,1,0,0,0,0,0,0,1,1,0,0
OX25,True,True,9,6,Edible,27.232666015625,22.5828857421875,Edible,Edible,Edible,1,1,1,1,0,0,0,0,0,0,1,1,0,0
OX26,True,True,9,5,Edible,37.89910888671875,15.81634521484375,Edible,Edible,Edible,1,1,1,1,0,0,0,0,0,0,1,1,0,0
OX27,True,True,9,6,Edible,8.46649169921875,23.76617431640625,Edible,Edible,Edible,1,1,1,1,0,0,0,0,0,0,1,1,0,0
OX28,True,True,9,2,Edible,18.466064453125,10.95037841796875,Edible,Edible,Edible,1,1,1,1,0,0,0,0,0,0,1,1,0,0
OX29,True,True,9,6,Edible,7.11602783203125,20.11627197265625,Edible,Edible,Edible,1,1,1,1,0,0,0,0,0,0,1,1,0,0
OX30,True,True,9,7,Edible,2.68328857421875,9.083099365234377,Edible,Edible,Edible,1,1,1,1,0,0,0,0,0,0,1,1,0,0
OX31,True,True,9,5,Edible,6.933197021484375,20.89950561523437,Edible,Edible,Edible,1,1,1,1,0,0,0,0,0,0,1,1,0,0
OX32,True,True,9,6,Edible,14.69964599609375,24.18280029296875,Edible,Edible,Edible,1,1,1,1,0,0,0,0,0,0,1,1,0,0
OX33,True,True,9,6,Edible,8.56640625,22.39950561523437,Edible,Edible,Edible,1,1,1,1,0,0,0,0,0,0,1,1,0,0
OX34,True,True,9,9,Edible,9.63031005859375,21.2161865234375,Edible,Edible,Edible,1,1,1,1,0,0,0,0,0,0,1,1,0,0
O20,False,True,10,4,Poisonous,20.68310546875,10.13311767578125,Edible,Poisonous,Poisonous,1,1,0,0,0,0,0,1,1,0,0,0,0,0
O21,False,True,10,6,Poisonous,18.316314697265625,5.016510009765625,Edible,Poisonous,Edible,1,0,0,1,1,0,1,1,1,0,0,0,0,0
O22,False,True,10,5,Poisonous,28.5660400390625,4.56658935546875,Edible,Poisonous,Edible,1,0,0,1,1,0,1,1,1,0,0,0,0,0
O23,False,True,10,7,Poisonous,25.71875,4.76654052734375,Edible,Poisonous,Edible,1,0,0,1,1,0,1,1,1,0,0,0,0,0
O24,False,True,10,6,Poisonous,17.882904052734375,4.683197021484375,Edible,Edible,Edible,0,0,0,1,0,0,0,0,0,0,1,0,1,0
O25,False,True,10,5,Poisonous,14.532989501953123,3.449951171875,Edible,Edible,Edible,0,0,0,1,0,0,0,0,0,0,1,0,1,0
O26,False,True,10,5,Poisonous,17.3172607421875,30.4493408203125,Edible,Poisonous,Poisonous,1,1,0,0,0,0,0,1,1,0,0,0,0,0
O27,False,True,10,1,Poisonous,48.14892578125,2.64996337890625,Edible,Edible,Edible,0,0,0,1,0,0,0,0,0,0,1,0,1,0
O28,False,True,10,5,Poisonous,2.999847412109375,4.266571044921875,Edible,Poisonous,Edible,1,0,0,1,1,0,1,1,1,0,0,0,0,0
O29,False,True,10,3,Poisonous,13.06768798828125,2.999664306640625,Edible,Poisonous,Edible,1,0,0,1,1,0,1,1,1,0,0,0,0,0
O30,False,True,10,6,Poisonous,15.7496337890625,4.21661376953125,Edible,Poisonous,Poisonous,1,1,0,0,0,0,0,1,1,0,0,0,0,0
O31,False,True,10,10,Poisonous,4.1832275390625,7.0166015625,Edible,Poisonous,Edible,1,0,0,1,1,0,1,1,1,0,0,0,0,0
O32,False,True,10,6,Poisonous,27.13262939453125,9.71649169921875,Edible,Poisonous,Edible,1,0,0,1,1,0,1,1,1,0,0,0,0,0
O33,False,True,10,9,Poisonous,18.8328857421875,2.83294677734375,Edible,Edible,Edible,0,0,0,1,0,0,0,0,0,0,1,0,1,0
O34,False,True,10,8,Poisonous,6.699798583984375,3.149932861328125,Edible,Poisonous,Edible,1,0,0,1,1,0,1,1,1,0,0,0,0,0
OX20,True,True,10,5,Poisonous,21.29949951171875,34.04925537109375,Edible,Edible,Edible,0,0,0,1,0,0,0,0,0,0,1,0,1,0
OX21,True,True,10,8,Poisonous,5.599822998046875,3.099884033203125,Edible,Edible,Edible,0,0,0,1,0,0,0,0,0,0,1,0,1,0
OX22,True,True,10,1,Poisonous,21.48284912109375,21.74951171875,Edible,Edible,Edible,0,0,0,1,0,0,0,0,0,0,1,0,1,0
OX23,True,True,10,6,Poisonous,9.383056640625,2.58331298828125,Edible,Poisonous,Edible,1,0,0,1,1,0,1,1,1,0,0,0,0,0
OX24,True,True,10,6,Poisonous,25.54937744140625,16.116455078125,Edible,Edible,Edible,0,0,0,1,0,0,0,0,0,0,1,0,1,0
OX25,True,True,10,5,Poisonous,39.74908447265625,63.24859619140625,Edible,Edible,Poisonous,0,1,0,0,0,0,0,0,0,0,1,0,1,0
OX26,True,True,10,9,Poisonous,25.3660888671875,22.48284912109375,Edible,Poisonous,Poisonous,1,1,0,0,0,0,0,1,1,0,0,0,0,0
OX27,True,True,10,8,Poisonous,18.3995361328125,17.23291015625,Edible,Edible,Edible,0,0,0,1,0,0,0,0,0,0,1,0,1,0
OX28,True,True,10,2,Poisonous,10.66632080078125,24.46612548828125,Edible,Edible,Edible,0,0,0,1,0,0,0,0,0,0,1,0,1,0
OX29,True,True,10,6,Poisonous,8.8497314453125,67.6151123046875,Edible,Edible,Poisonous,0,1,0,0,0,0,0,0,0,0,1,0,1,0
OX30,True,True,10,7,Poisonous,3.91650390625,18.199615478515625,Edible,Edible,Poisonous,0,1,0,0,0,0,0,0,0,0,1,0,1,0
OX31,True,True,10,5,Poisonous,7.516448974609375,24.2327880859375,Edible,Poisonous,Poisonous,1,1,0,0,0,0,0,1,1,0,0,0,0,0
OX32,True,True,10,3,Poisonous,20.09954833984375,26.01605224609375,Edible,Poisonous,Poisonous,1,1,0,0,0,0,0,1,1,0,0,0,0,0
OX33,True,True,10,4,Poisonous,8.31646728515625,18.8162841796875,Edible,Edible,Edible,0,0,0,1,0,0,0,0,0,0,1,0,1,0
OX34,True,True,10,6,Poisonous,10.5997314453125,19.38299560546875,Edible,Edible,Edible,0,0,0,1,0,0,0,0,0,0,1,0,1,0
O20,False,True,11,4,Edible,23.23284912109375,5.81683349609375,Edible,Poisonous,Edible,0,1,1,1,0,0,1,1,0,1,0,0,0,1
O21,False,True,11,5,Edible,26.4993896484375,5.716552734375,Edible,Poisonous,Edible,0,1,1,1,0,0,1,1,0,1,0,0,0,1
O22,False,True,11,5,Edible,24.21612548828125,4.4332275390625,Edible,Poisonous,Edible,0,1,1,1,0,0,1,1,0,1,0,0,0,1
O23,False,True,11,7,Edible,48.76556396484375,5.03472900390625,Edible,Poisonous,Edible,0,1,1,1,0,0,1,1,0,1,0,0,0,1
O24,False,True,11,6,Edible,9.849761962890623,12.16644287109375,Edible,Poisonous,Poisonous,0,0,1,0,0,1,0,1,0,1,0,0,0,0
O25,False,True,11,5,Edible,18.5828857421875,10.01641845703125,Edible,Poisonous,Edible,0,1,1,1,0,0,1,1,0,1,0,0,0,1
O26,False,True,11,4,Edible,27.482666015625,12.56640625,Edible,Edible,Edible,1,1,1,1,0,0,0,0,0,0,1,1,0,0
O27,False,True,11,0,Edible,44.582275390625,2.29986572265625,Edible,Edible,Edible,1,1,1,1,0,0,0,0,0,0,1,1,0,0
O28,False,True,11,8,Edible,2.483245849609375,3.966583251953125,Edible,Poisonous,Edible,0,1,1,1,0,0,1,1,0,1,0,0,0,1
O29,False,True,11,3,Edible,3.58319091796875,2.449951171875,Edible,Poisonous,Poisonous,0,0,1,0,0,1,0,1,0,1,0,0,0,0
O30,False,True,11,6,Edible,36.03253173828125,3.216552734375,Edible,Edible,Edible,1,1,1,1,0,0,0,0,0,0,1,1,0,0
O31,False,True,11,10,Edible,4.73321533203125,6.19989013671875,Edible,Poisonous,Edible,0,1,1,1,0,0,1,1,0,1,0,0,0,1
O32,False,True,11,5,Edible,15.21630859375,3.68328857421875,Edible,Edible,Edible,1,1,1,1,0,0,0,0,0,0,1,1,0,0
O33,False,True,11,9,Edible,26.99945068359375,2.24993896484375,Edible,Poisonous,Poisonous,0,0,1,0,0,1,0,1,0,1,0,0,0,0
O34,False,True,11,8,Edible,2.667083740234375,3.666595458984375,Edible,Edible,Edible,1,1,1,1,0,0,0,0,0,0,1,1,0,0
OX20,True,True,11,4,Edible,16.4830322265625,20.1162109375,Edible,Edible,Edible,1,1,1,1,0,0,0,0,0,0,1,1,0,0
OX21,True,True,11,6,Edible,18.616241455078125,6.41650390625,Edible,Edible,Edible,1,1,1,1,0,0,0,0,0,0,1,1,0,0
OX22,True,True,11,3,Edible,22.8828125,17.18304443359375,Edible,Edible,Edible,1,1,1,1,0,0,0,0,0,0,1,1,0,0
OX23,True,True,11,2,Edible,10.183013916015623,2.649932861328125,Edible,Edible,Edible,1,1,1,1,0,0,0,0,0,0,1,1,0,0
OX24,True,True,11,2,Edible,38.065673828125,15.25042724609375,Edible,Poisonous,Edible,0,1,1,1,0,0,1,1,0,1,0,0,0,1
OX25,True,True,11,3,Edible,33.71588134765625,31.249267578125,Edible,Poisonous,Edible,0,1,1,1,0,0,1,1,0,1,0,0,0,1
OX26,True,True,11,7,Edible,10.71636962890625,15.9830322265625,Edible,Edible,Edible,1,1,1,1,0,0,0,0,0,0,1,1,0,0
OX27,True,True,11,6,Edible,35.56585693359375,10.18316650390625,Edible,Poisonous,Edible,0,1,1,1,0,0,1,1,0,1,0,0,0,1
OX28,True,True,11,2,Edible,12.266357421875,22.1983642578125,Edible,Edible,Edible,1,1,1,1,0,0,0,0,0,0,1,1,0,0
OX29,True,True,11,6,Edible,8.8331298828125,27.5494384765625,Edible,Edible,Edible,1,1,1,1,0,0,0,0,0,0,1,1,0,0
OX30,True,True,11,7,Edible,2.48321533203125,8.249786376953125,Edible,Edible,Edible,1,1,1,1,0,0,0,0,0,0,1,1,0,0
OX31,True,True,11,5,Edible,10.383087158203123,15.9329833984375,Edible,Edible,Edible,1,1,1,1,0,0,0,0,0,0,1,1,0,0
OX32,True,True,11,4,Edible,27.86602783203125,26.69940185546875,Edible,Edible,Edible,1,1,1,1,0,0,0,0,0,0,1,1,0,0
OX33,True,True,11,4,Edible,16.98406982421875,17.8175048828125,Edible,Poisonous,Edible,0,1,1,1,0,0,1,1,0,1,0,0,0,1
OX34,True,True,11,5,Edible,13.21630859375,16.66845703125,Edible,Edible,Edible,1,1,1,1,0,0,0,0,0,0,1,1,0,0
O20,False,True,12,6,Poisonous,22.16583251953125,3.61663818359375,Poisonous,Poisonous,Poisonous,1,1,1,1,0,0,0,0,0,0,1,1,0,0
O21,False,True,12,6,Poisonous,23.83309936523437,4.249969482421875,Poisonous,Poisonous,Poisonous,1,1,1,1,0,0,0,0,0,0,1,1,0,0
O22,False,True,12,7,Poisonous,13.8663330078125,5.09991455078125,Poisonous,Poisonous,Poisonous,1,1,1,1,0,0,0,0,0,0,1,1,0,0
O23,False,True,12,10,Poisonous,12.2314453125,2.434814453125,Poisonous,Poisonous,Poisonous,1,1,1,1,0,0,0,0,0,0,1,1,0,0
O24,False,True,12,6,Poisonous,9.916351318359377,4.4332275390625,Poisonous,Edible,Poisonous,0,1,1,1,0,0,1,1,0,1,0,0,0,1
O25,False,True,12,10,Poisonous,6.033203125,2.449981689453125,Poisonous,Poisonous,Poisonous,1,1,1,1,0,0,0,0,0,0,1,1,0,0
O26,False,True,12,7,Poisonous,6.1497802734375,3.26654052734375,Poisonous,Poisonous,Poisonous,1,1,1,1,0,0,0,0,0,0,1,1,0,0
O27,False,True,12,7,Poisonous,44.8489990234375,2.9998779296875,Poisonous,Poisonous,Poisonous,1,1,1,1,0,0,0,0,0,0,1,1,0,0
O28,False,True,12,6,Poisonous,4.283172607421875,5.533203125,Poisonous,Poisonous,Poisonous,1,1,1,1,0,0,0,0,0,0,1,1,0,0
O29,False,True,12,3,Poisonous,4.2015380859375,3.73272705078125,Poisonous,Edible,Poisonous,0,1,1,1,0,0,1,1,0,1,0,0,0,1
O30,False,True,12,8,Poisonous,5.53314208984375,2.63336181640625,Poisonous,Poisonous,Poisonous,1,1,1,1,0,0,0,0,0,0,1,1,0,0
O31,False,True,12,10,Poisonous,15.53289794921875,5.033233642578125,Poisonous,Poisonous,Poisonous,1,1,1,1,0,0,0,0,0,0,1,1,0,0
O32,False,True,12,7,Poisonous,13.916259765625,3.5499267578125,Poisonous,Poisonous,Poisonous,1,1,1,1,0,0,0,0,0,0,1,1,0,0
O33,False,True,12,9,Poisonous,14.44970703125,2.1832275390625,Poisonous,Poisonous,Poisonous,1,1,1,1,0,0,0,0,0,0,1,1,0,0
O34,False,True,12,8,Poisonous,6.18310546875,3.334259033203125,Poisonous,Poisonous,Poisonous,1,1,1,1,0,0,0,0,0,0,1,1,0,0
OX20,True,True,12,9,Poisonous,19.76617431640625,21.682861328125,Poisonous,Poisonous,Poisonous,1,1,1,1,0,0,0,0,0,0,1,1,0,0
OX21,True,True,12,8,Poisonous,5.76654052734375,6.43316650390625,Poisonous,Poisonous,Poisonous,1,1,1,1,0,0,0,0,0,0,1,1,0,0
OX22,True,True,12,6,Poisonous,24.6326904296875,22.0328369140625,Poisonous,Poisonous,Poisonous,1,1,1,1,0,0,0,0,0,0,1,1,0,0
OX23,True,True,12,10,Poisonous,2.3665771484375,8.0665283203125,Poisonous,Poisonous,Poisonous,1,1,1,1,0,0,0,0,0,0,1,1,0,0
OX24,True,True,12,9,Poisonous,13.982177734375,14.04974365234375,Poisonous,Poisonous,Poisonous,1,1,1,1,0,0,0,0,0,0,1,1,0,0
OX25,True,True,12,9,Poisonous,7.0665283203125,25.6160888671875,Poisonous,Poisonous,Poisonous,1,1,1,1,0,0,0,0,0,0,1,1,0,0
OX26,True,True,12,10,Poisonous,12.9996337890625,11.116455078125,Poisonous,Poisonous,Poisonous,1,1,1,1,0,0,0,0,0,0,1,1,0,0
OX27,True,True,12,8,Poisonous,7.499755859375,8.4664306640625,Poisonous,Poisonous,Poisonous,1,1,1,1,0,0,0,0,0,0,1,1,0,0
OX28,True,True,12,2,Poisonous,9.09979248046875,13.08306884765625,Poisonous,Poisonous,Poisonous,1,1,1,1,0,0,0,0,0,0,1,1,0,0
OX29,True,True,12,9,Poisonous,8.149658203125,38.3658447265625,Poisonous,Poisonous,Poisonous,1,1,1,1,0,0,0,0,0,0,1,1,0,0
OX30,True,True,12,10,Poisonous,3.216583251953125,6.033233642578125,Poisonous,Poisonous,Poisonous,1,1,1,1,0,0,0,0,0,0,1,1,0,0
OX31,True,True,12,7,Poisonous,8.78302001953125,20.76617431640625,Poisonous,Poisonous,Poisonous,1,1,1,1,0,0,0,0,0,0,1,1,0,0
OX32,True,True,12,7,Poisonous,26.3994140625,23.43280029296875,Poisonous,Poisonous,Poisonous,1,1,1,1,0,0,0,0,0,0,1,1,0,0
OX33,True,True,12,7,Poisonous,10.8662109375,21.932861328125,Poisonous,Poisonous,Poisonous,1,1,1,1,0,0,0,0,0,0,1,1,0,0
OX34,True,True,12,10,Poisonous,9.64752197265625,21.41619873046875,Poisonous,Poisonous,Poisonous,1,1,1,1,0,0,0,0,0,0,1,1,0,0
O20,False,True,13,4,Poisonous,20.566162109375,4.216552734375,Edible,Edible,Edible,0,0,0,1,0,0,0,0,0,0,1,0,1,0
O21,False,True,13,6,Poisonous,20.566131591796875,3.08319091796875,Edible,Edible,Edible,0,0,0,1,0,0,0,0,0,0,1,0,1,0
O22,False,True,13,5,Poisonous,16.09954833984375,3.6331787109375,Edible,Edible,Edible,0,0,0,1,0,0,0,0,0,0,1,0,1,0
O23,False,True,13,7,Poisonous,23.53125,4.1165771484375,Edible,Poisonous,Edible,1,0,0,1,1,0,1,1,1,0,0,0,0,0
O24,False,True,13,6,Poisonous,14.532958984375,5.08331298828125,Edible,Poisonous,Poisonous,1,1,0,0,0,0,0,1,1,0,0,0,0,0
O25,False,True,13,7,Poisonous,10.133026123046877,3.74993896484375,Edible,Edible,Edible,0,0,0,1,0,0,0,0,0,0,1,0,1,0
O26,False,True,13,6,Poisonous,18.6495361328125,4.41485595703125,Edible,Edible,Edible,0,0,0,1,0,0,0,0,0,0,1,0,1,0
O27,False,True,13,4,Poisonous,41.0823974609375,15.6163330078125,Edible,Poisonous,Edible,1,0,0,1,1,0,1,1,1,0,0,0,0,0
O28,False,True,13,6,Poisonous,3.54986572265625,3.699920654296875,Edible,Poisonous,Edible,1,0,0,1,1,0,1,1,1,0,0,0,0,0
O29,False,True,13,3,Poisonous,5.485931396484375,6.798431396484375,Edible,Poisonous,Edible,1,0,0,1,1,0,1,1,1,0,0,0,0,0
O30,False,True,13,7,Poisonous,6.66644287109375,3.81658935546875,Edible,Edible,Edible,0,0,0,1,0,0,0,0,0,0,1,0,1,0
O31,False,True,13,10,Poisonous,1.866607666015625,4.4332275390625,Edible,Edible,Edible,0,0,0,1,0,0,0,0,0,0,1,0,1,0
O32,False,True,13,4,Poisonous,23.7994384765625,4.16656494140625,Edible,Poisonous,Edible,1,0,0,1,1,0,1,1,1,0,0,0,0,0
O33,False,True,13,8,Poisonous,30.11712646484375,2.16656494140625,Edible,Edible,Edible,0,0,0,1,0,0,0,0,0,0,1,0,1,0
O34,False,True,13,8,Poisonous,4.048858642578125,2.933258056640625,Edible,Edible,Edible,0,0,0,1,0,0,0,0,0,0,1,0,1,0
OX20,True,True,13,1,Poisonous,27.09942626953125,25.69940185546875,Edible,Edible,Edible,0,0,0,1,0,0,0,0,0,0,1,0,1,0
OX21,True,True,13,8,Poisonous,8.78314208984375,11.86651611328125,Edible,Poisonous,Poisonous,1,1,0,0,0,0,0,1,1,0,0,0,0,0
OX22,True,True,13,6,Poisonous,21.3662109375,17.149658203125,Edible,Poisonous,Poisonous,1,1,0,0,0,0,0,1,1,0,0,0,0,0
OX23,True,True,13,10,Poisonous,3.049835205078125,19.982940673828125,Edible,Poisonous,Edible,1,0,0,1,1,0,1,1,1,0,0,0,0,0
OX24,True,True,13,9,Poisonous,14.83416748046875,20.818115234375,Edible,Poisonous,Poisonous,1,1,0,0,0,0,0,1,1,0,0,0,0,0
OX25,True,True,13,6,Poisonous,21.182861328125,60.4320068359375,Edible,Poisonous,Poisonous,1,1,0,0,0,0,0,1,1,0,0,0,0,0
OX26,True,True,13,10,Poisonous,17.09954833984375,11.4830322265625,Edible,Poisonous,Poisonous,1,1,0,0,0,0,0,1,1,0,0,0,0,0
OX27,True,True,13,8,Poisonous,9.883056640625,15.16632080078125,Edible,Poisonous,Poisonous,1,1,0,0,0,0,0,1,1,0,0,0,0,0
OX28,True,True,13,2,Poisonous,17.51690673828125,18.61627197265625,Edible,Poisonous,Poisonous,1,1,0,0,0,0,0,1,1,0,0,0,0,0
OX29,True,True,13,5,Poisonous,12.43304443359375,59.4154052734375,Edible,Poisonous,Poisonous,1,1,0,0,0,0,0,1,1,0,0,0,0,0
OX30,True,True,13,10,Poisonous,3.8165283203125,10.133056640625,Edible,Poisonous,Poisonous,1,1,0,0,0,0,0,1,1,0,0,0,0,0
OX31,True,True,13,7,Poisonous,8.84979248046875,15.51629638671875,Edible,Poisonous,Poisonous,1,1,0,0,0,0,0,1,1,0,0,0,0,0
OX32,True,True,13,3,Poisonous,23.4327392578125,23.43292236328125,Edible,Poisonous,Poisonous,1,1,0,0,0,0,0,1,1,0,0,0,0,0
OX33,True,True,13,5,Poisonous,11.4163818359375,16.00189208984375,Edible,Edible,Edible,0,0,0,1,0,0,0,0,0,0,1,0,1,0
OX34,True,True,13,5,Poisonous,12.38299560546875,21.466796875,Edible,Poisonous,Edible,1,0,0,1,1,0,1,1,1,0,0,0,0,0
O20,False,True,14,4,Poisonous,13.5830078125,4.69989013671875,Poisonous,Poisonous,Poisonous,1,1,1,1,0,0,0,0,0,0,1,1,0,0
O21,False,True,14,7,Poisonous,18.849609375,9.91644287109375,Poisonous,Edible,Edible,0,0,1,0,0,1,0,1,0,1,0,0,0,0
O22,False,True,14,5,Poisonous,22.46612548828125,7.16650390625,Poisonous,Edible,Poisonous,0,1,1,1,0,0,1,1,0,1,0,0,0,1
O23,False,True,14,8,Poisonous,27.732666015625,3.449951171875,Poisonous,Poisonous,Poisonous,1,1,1,1,0,0,0,0,0,0,1,1,0,0
O24,False,True,14,6,Poisonous,9.54962158203125,3.64990234375,Poisonous,Poisonous,Poisonous,1,1,1,1,0,0,0,0,0,0,1,1,0,0
O25,False,True,14,2,Poisonous,10.18304443359375,2.66656494140625,Poisonous,Poisonous,Poisonous,1,1,1,1,0,0,0,0,0,0,1,1,0,0
O26,False,True,14,5,Poisonous,22.76617431640625,51.93280029296875,Poisonous,Edible,Poisonous,0,1,1,1,0,0,1,1,0,1,0,0,0,1
O27,False,True,14,3,Poisonous,34.632568359375,11.23309326171875,Poisonous,Edible,Poisonous,0,1,1,1,0,0,1,1,0,1,0,0,0,1
O28,False,True,14,9,Poisonous,3.033203125,3.949951171875,Poisonous,Poisonous,Poisonous,1,1,1,1,0,0,0,0,0,0,1,1,0,0
O29,False,True,14,3,Poisonous,2.849884033203125,5.282684326171875,Poisonous,Poisonous,Poisonous,1,1,1,1,0,0,0,0,0,0,1,1,0,0
O30,False,True,14,7,Poisonous,10.9163818359375,3.783203125,Poisonous,Poisonous,Poisonous,1,1,1,1,0,0,0,0,0,0,1,1,0,0
O31,False,True,14,10,Poisonous,2.266571044921875,7.966400146484375,Poisonous,Edible,Poisonous,0,1,1,1,0,0,1,1,0,1,0,0,0,1
O32,False,True,14,6,Poisonous,21.69952392578125,4.33319091796875,Poisonous,Edible,Edible,0,0,1,0,0,1,0,1,0,1,0,0,0,0
O33,False,True,14,9,Poisonous,14.09967041015625,2.86663818359375,Poisonous,Edible,Edible,0,0,1,0,0,1,0,1,0,1,0,0,0,0
O34,False,True,14,4,Poisonous,9.116455078125,2.9332275390625,Poisonous,Edible,Poisonous,0,1,1,1,0,0,1,1,0,1,0,0,0,1
OX20,True,True,14,3,Poisonous,19.76611328125,19.84967041015625,Poisonous,Edible,Poisonous,0,1,1,1,0,0,1,1,0,1,0,0,0,1
OX21,True,True,14,6,Poisonous,9.16632080078125,5.21649169921875,Poisonous,Poisonous,Poisonous,1,1,1,1,0,0,0,0,0,0,1,1,0,0
OX22,True,True,14,6,Poisonous,27.64935302734375,20.0828857421875,Poisonous,Poisonous,Poisonous,1,1,1,1,0,0,0,0,0,0,1,1,0,0
OX23,True,True,14,4,Poisonous,9.433074951171877,2.783294677734375,Poisonous,Poisonous,Poisonous,1,1,1,1,0,0,0,0,0,0,1,1,0,0
OX24,True,True,14,7,Poisonous,20.89764404296875,12.133056640625,Poisonous,Poisonous,Poisonous,1,1,1,1,0,0,0,0,0,0,1,1,0,0
OX25,True,True,14,7,Poisonous,10.5498046875,44.448974609375,Poisonous,Poisonous,Poisonous,1,1,1,1,0,0,0,0,0,0,1,1,0,0
OX26,True,True,14,8,Poisonous,4.79986572265625,19.49957275390625,Poisonous,Edible,Edible,0,0,1,0,0,1,0,1,0,1,0,0,0,0
OX27,True,True,14,9,Poisonous,10.7164306640625,8.2998046875,Poisonous,Poisonous,Poisonous,1,1,1,1,0,0,0,0,0,0,1,1,0,0
OX28,True,True,14,4,Poisonous,15.03289794921875,25.6494140625,Poisonous,Poisonous,Poisonous,1,1,1,1,0,0,0,0,0,0,1,1,0,0
OX29,True,True,14,6,Poisonous,17.932861328125,61.96533203125,Poisonous,Poisonous,Poisonous,1,1,1,1,0,0,0,0,0,0,1,1,0,0
OX30,True,True,14,10,Poisonous,5.51654052734375,9.16644287109375,Poisonous,Poisonous,Poisonous,1,1,1,1,0,0,0,0,0,0,1,1,0,0
OX31,True,True,14,6,Poisonous,12.74969482421875,16.64959716796875,Poisonous,Poisonous,Poisonous,1,1,1,1,0,0,0,0,0,0,1,1,0,0
OX32,True,True,14,3,Poisonous,21.7994384765625,20.0162353515625,Poisonous,Poisonous,Poisonous,1,1,1,1,0,0,0,0,0,0,1,1,0,0
OX33,True,True,14,7,Poisonous,4.930908203125,8.18316650390625,Poisonous,Poisonous,Poisonous,1,1,1,1,0,0,0,0,0,0,1,1,0,0
OX34,True,True,14,8,Poisonous,6.0992431640625,17.53271484375,Poisonous,Poisonous,Poisonous,1,1,1,1,0,0,0,0,0,0,1,1,0,0
O20,False,True,15,4,Edible,32.8492431640625,4.5333251953125,Edible,Poisonous,Edible,0,1,1,1,0,0,1,1,0,1,0,0,0,1
O21,False,True,15,5,Edible,14.81634521484375,3.68328857421875,Edible,Poisonous,Edible,0,1,1,1,0,0,1,1,0,1,0,0,0,1
O22,False,True,15,5,Edible,19.91619873046875,3.74993896484375,Edible,Edible,Edible,1,1,1,1,0,0,0,0,0,0,1,1,0,0
O23,False,True,15,5,Edible,35.3826904296875,5.265380859375,Edible,Edible,Edible,1,1,1,1,0,0,0,0,0,0,1,1,0,0
O24,False,True,15,6,Edible,12.63299560546875,3.0506591796875,Edible,Edible,Edible,1,1,1,1,0,0,0,0,0,0,1,1,0,0
O25,False,True,15,4,Edible,7.866455078125,2.949951171875,Edible,Edible,Edible,1,1,1,1,0,0,0,0,0,0,1,1,0,0
O26,False,True,15,3,Edible,52.014892578125,8.14971923828125,Edible,Poisonous,Edible,0,1,1,1,0,0,1,1,0,1,0,0,0,1
O27,False,True,15,6,Edible,27.53265380859375,2.966552734375,Edible,Edible,Edible,1,1,1,1,0,0,0,0,0,0,1,1,0,0
O28,False,True,15,5,Edible,4.99981689453125,4.38323974609375,Edible,Poisonous,Edible,0,1,1,1,0,0,1,1,0,1,0,0,0,1
O29,False,True,15,3,Edible,4.14910888671875,3.59991455078125,Edible,Edible,Edible,1,1,1,1,0,0,0,0,0,0,1,1,0,0
O30,False,True,15,7,Edible,12.94970703125,2.8665771484375,Edible,Edible,Edible,1,1,1,1,0,0,0,0,0,0,1,1,0,0
O31,False,True,15,10,Edible,5.916534423828125,4.91656494140625,Edible,Poisonous,Edible,0,1,1,1,0,0,1,1,0,1,0,0,0,1
O32,False,True,15,4,Edible,31.349365234375,4.23321533203125,Edible,Edible,Edible,1,1,1,1,0,0,0,0,0,0,1,1,0,0
O33,False,True,15,9,Edible,30.0325927734375,3.43328857421875,Edible,Poisonous,Edible,0,1,1,1,0,0,1,1,0,1,0,0,0,1
O34,False,True,15,4,Edible,7.06756591796875,3.449920654296875,Edible,Poisonous,Edible,0,1,1,1,0,0,1,1,0,1,0,0,0,1
OX20,True,True,15,5,Edible,19.01617431640625,14.4329833984375,Edible,Poisonous,Edible,0,1,1,1,0,0,1,1,0,1,0,0,0,1
OX21,True,True,15,8,Edible,3.89984130859375,3.333251953125,Edible,Edible,Edible,1,1,1,1,0,0,0,0,0,0,1,1,0,0
OX22,True,True,15,1,Edible,21.2994384765625,16.46624755859375,Edible,Poisonous,Edible,0,1,1,1,0,0,1,1,0,1,0,0,0,1
OX23,True,True,15,7,Edible,10.78302001953125,6.54986572265625,Edible,Edible,Edible,1,1,1,1,0,0,0,0,0,0,1,1,0,0
OX24,True,True,15,8,Edible,25.216064453125,11.76641845703125,Edible,Edible,Edible,1,1,1,1,0,0,0,0,0,0,1,1,0,0
OX25,True,True,15,7,Edible,34.83251953125,15.1163330078125,Edible,Edible,Edible,1,1,1,1,0,0,0,0,0,0,1,1,0,0
OX26,True,True,15,10,Edible,8.0498046875,13.44970703125,Edible,Poisonous,Poisonous,0,0,1,0,0,1,0,1,0,1,0,0,0,0
OX27,True,True,15,8,Edible,17.91619873046875,9.1331787109375,Edible,Edible,Edible,1,1,1,1,0,0,0,0,0,0,1,1,0,0
OX28,True,True,15,2,Edible,21.2828369140625,12.33489990234375,Edible,Edible,Edible,1,1,1,1,0,0,0,0,0,0,1,1,0,0
OX29,True,True,15,5,Edible,14.56622314453125,20.5328369140625,Edible,Edible,Edible,1,1,1,1,0,0,0,0,0,0,1,1,0,0
OX30,True,True,15,9,Edible,1.733306884765625,8.150634765625,Edible,Edible,Edible,1,1,1,1,0,0,0,0,0,0,1,1,0,0
OX31,True,True,15,7,Edible,14.23297119140625,12.61639404296875,Edible,Edible,Edible,1,1,1,1,0,0,0,0,0,0,1,1,0,0
OX32,True,True,15,3,Edible,25.5328369140625,17.94970703125,Edible,Edible,Edible,1,1,1,1,0,0,0,0,0,0,1,1,0,0
OX33,True,True,15,3,Edible,6.89984130859375,14.19964599609375,Edible,Edible,Edible,1,1,1,1,0,0,0,0,0,0,1,1,0,0
OX34,True,True,15,8,Edible,10.14971923828125,13.31634521484375,Edible,Edible,Edible,1,1,1,1,0,0,0,0,0,0,1,1,0,0
